Page ID,Page name,Disclaimer,Amount spent (INR),Number of ads in Library
453136674548030,Share Post,Political Academy Private Limited,105360,219
109545244848137,Crafto,Crafto,94413,16
302728832916209,Designbox Consulting,DZINE BOX CONSULTING SOLUTION,60646,49
178957415290260,Gaddam Vamsi Krishna,Gaddam Vamsi Krishna,55301,19
123009097558229,Meme Marthanda,Meme Marthanda,47595,43
126785877176993,Karma Rescue Foundation,Karma Foundation,44007,25
105671775473178,Jan Suraaj,Jan Suraaj,40051,7
248789231658233,Prashant Sudhakar Vaidya,Prashant Sudhakar Vaidya,38689,26
372940105900153,Post Karo,Political Academy Private Limited,34700,134
262567983616555,Vibrant Buildcon,Vibrant Buildcon,33932,162
100214898257722,Bhak Budbak - भक बुड़बक,Bhak Budbak - भक बुड़बक,33645,20
107334185444129,Charitism Global,Charitism Global,27661,5
139596459228626,Governance Matters India,Governance Matters India,25385,67
109590875527364,Apfeedback,Reachout analytics,21793,21
114700623558576,Praja App,Praja App,16386,46
623599270826838,Apps for Bharat,Alnico Tech Pvt Lts,12769,27
21169267101,Give,Give,12677,10
1123868381031481,Plastic Menace,Plastic Menace,11795,6
1372113536255110,डॉ. सुनिल कुमार दूबे,डॉ. सुनिल कुमार दूबे,10984,1
31867849201,News18,News18,10876,21
252027794243,Divya Bhaskar,Divya Bhaskar,10582,28
406845235849261,Prashasan Plus News,Prashasan Plus News,10062,2
57174592895,Gujarat Tourism,Gujarat Tourism,9959,4
132689140088396,smilefoundation,smilefoundation,9729,21
1426693067549816,Vivek Venkatswamy,Vivek Venkatswamy,9616,4
242306372290717,Shubhashray Housing India,Shubhashray Housing India,9175,8
2123298487931086,Dr. Papu Ram Dara,Dr. Papu Ram Dara,8984,29
294260637288,Dainik Bhaskar,Dainik Bhaskar,8549,12
347337386104390,Bode Ramachandra Yadav,Bode Ramachandra Yadav,8536,4
103776222630923,Sanjeev Arora,Sanjeev Arora,8492,40
295838520278211,Rajnetaapp,Rajnetaapp,8407,17
323851774155517,Polimart,Gumbo Tech Private Limited,8279,13
301485749713595,कॅन्सर उपचार जनजागृती,कॅन्सर उपचार जनजागृती,7445,1
477905192062917,Jan Suraaj Ummeed,Jansuraaj,7234,2
153891144797146,Uttam Kumar Reddy,Uttam Kumar Reddy,6734,11
102504465638528,Tarot_by_riya,Tarot_by_riya,6569,3
461339423736434,Digi Posters,RPA Venture LLC,5677,7
605390272841833,Shrirang Appa Barne,Shrirang Appa Barne,5545,34
197967870063295,Aryan Khan,Aryan Khan,5487,2
562953640224918,Tallwin Life National Scam,Tallwin Life National Scam,5370,3
1630290017226261,Dilip Jaiswal,Dilip Jaiswal,5326,3
109041964906656,Shishir Kumar,Shishir Kumar,4899,5
219254537932345,Telangana Nijam,Telangana Nijam,4782,8
110113242150204,ఆంధ్ర భవిష్యత్తు,Ap Feedback,4421,1
181343795352360,M. B. Patil,M. B. Patil,4310,6
251131981422581,UP ki Double Engine Raftaar,UP ki Double Engine Raftaar,4156,26
596873733505239,Vijay & PK Fan Club,Simple Sense Anayltics Private Limited,4055,4
102849068803791,Amaresh Rai,Amaresh Rai,4030,15
289040254302083,Nature Village जमुई-बिहार,Nature Village,4016,13
922534064468145,Capt. Jasvinder Meenu Beniwal,Capt. Jasvinder Meenu Beniwal,3995,9
109346508871647,Khushimahive,These ads ran without a disclaimer,3786,1
1433526693616228,Himachali Rishta - हिमाचली रिश्ता डॉट कॉम,Himachali Rishta - हिमाचली रिश्ता डॉट कॉम,3763,3
544708905881409,Adv Harsimran Singh Ghuman,Adv Harsimran Singh Ghuman,3758,9
109058148857799,Business Ka Bhai Gautam Bhai,Business Ka Bhai Gautam Bhai,3741,4
155418314920954,Orchid HRD Trainings भाषणकला व राजकीय नेतृत्व कौशल्य प्रशिक्षण,Orchid HRD Trainings भाषणकला व राजकीय नेतृत्व कौशल्य प्रशिक्षण,3558,4
104340812422382,Addlab,Addlab,3546,4
994578073995343,B. L. Verma,B. L. Verma,3529,5
244406028752356,Neta shirts H,Neta shirts H,3523,1
110896362028145,Icons of India,Icons of India,3499,4
764169903692675,Randeep Singh Surjewala,Randeep Singh Surjewala,3414,52
541468472382773,Edappadi K Palaniswamy,Trends & Tactics,3356,1
1702469306668258,Ramvichar Netam,Ramvichar Netam,3310,65
114564771719790,Abhishek Singh,Abhishek Singh,3201,5
333503333190144,जयंत पर्व,Jayant Patil,3164,4
379784828740377,Doordarshan National (DD1),Doordarshan National (DD1),3100,11
197263703733023,Naveen Jindal,Naveen Jindal,3083,2
109881298609397,Someshthakre Offical,Someshthakre Offical,3055,2
428014347066247,Hasib Khan,Waltons Technology,3019,20
100358216168581,Sonu Singh,Sonu Singh,2926,2
100585059186821,Anagani Satya Prasad,Anagani Satya Prasad,2908,6
1106424342713011,महा MTB,Mumbai Tarun Bharat,2855,9
479787099071251,Vemireddy Prabhakar Reddy,Vemireddy Prabhakar Reddy,2789,1
1614689125343644,SILAII,SILAII,2772,2
102689209166309,एकसाथ एकनाथ  - Eksath Eknath,एकसाथ एकनाथ  - Eksath Eknath,2762,20
566299179893845,Narendra Singh Rajavat,Narendra Singh Rajavat,2704,4
112061804808512,Bihar State Sports Authority - BSSA,Bihar State Sports Authority - BSSA,2687,7
538004976071250,Vijay Thamizhagathin Nambikkai,Vijay Thamizhagathin Nambikkai,2589,5
165139916671778,Vishnu Deo Sai,Vishnu Deo Sai,2422,76
163767067146079,Uday India,Uday India,2418,1
308320032942247,Har Dil Ayodhya,Har Dil Ayodhya,2398,12
175767759847352,Janata Dal (United),Janata Dal (United),2378,3
487900651062073,दिशा निर्देश,दिशा निर्देश,2354,4
850194335049046,No Ficker,No Ficker,2352,3
1489647731256741,Dr Jitendra Singh,Dr Jitendra Singh,2340,9
102112998968049,भाषण कला स्पेशल,भाषण कला स्पेशल,2336,6
106631947771929,Transport Department Government Of Uttar Pradesh,Transport Department Government Of Uttar Pradesh,2305,12
320949384428658,Oshmin,Oshmin,2274,6
105614399221907,India 2047,India 2047,2261,2
109076322510196,Saviour Education Abroad,Saviour Education Abroad OPC Pvt Ltd,2257,7
107641038768883,Kartavyam Nasha Mukti Kendra,Kartavyam Nasha Mukti Kendra,2226,8
33497111948,Child Rights and You,Child Rights and You,2222,1
542681928936488,Fruitbae,These ads ran without a disclaimer,2193,1
452002948000329,Vrushali Shrikant Shinde,Vrushali Shrikant Shinde,2188,2
1772185502999049,Tarunpreet Singh Sond,Tarunpreet Singh Sond,2161,5
377812898752651,साहेबांचा खरा निष्ठावंत,Jayant Patil,2152,2
243524299157863,Pushkar Singh Dhami,Pushkar Singh Dhami,2133,18
204367436836055,Biswa Bandhu Sen,Biswa Bandhu Sen,2125,1
418931711293177,महाराष्ट्राचा कॅप्टन Cool,Jayant Parv,2079,2
30290552843,Greenpeace India,Greenpeace India Society,2066,1
165818073477856,Firstpost,Firstpost,2062,3
103782051383159,School of Politics,School of Politics,2015,6
530789300122140,Thirudargal Munnetra Kazhagam,Thirudargal Munnetra Kazhagam,2010,3
111669550743863,Dr. Dhananjay Jadhav - डॉ. धनंजय जाधव,Dr. Dhananjay Jadhav - डॉ. धनंजय जाधव,1995,1
213947398791863,Dhananjai Singh Khimsar,Dhananjai Singh Khimsar,1957,7
168954172964014,Mana Vivekanna,Mana Vivekanna,1940,10
215609233770758,Radha Arya,Radha Arya,1890,1
414299629034323,Sanjeev Agarwal,Sanjeev Agarwal,1742,5
351633781843801,Ashok Katariya,Ashok Katariya,1729,16
292222641473981,Talbir Singh Gill,Talbir Singh Gill,1726,1
206901162653380,Bubby Badal,Bubby Badal,1723,3
364476590604680,Surya Samachar,Surya Samachar,1710,19
357016611315216,महापौर विभा कुमारी पूर्णिया,महापौर विभा कुमारी पूर्णिया,1702,10
413398795181857,करेक्ट कार्यक्रम,Jayant Parv,1697,2
1794178100819828,Rikesh Sen,Rikesh Sen,1666,5
203181590261286,Bhanu Pratap Singh,Bhanu Pratap Singh,1635,5
119808806073309,Pereppadans Gold & Diamonds,Pereppadans Gold & Diamonds,1595,14
270111243000982,Harsimrat Kaur Badal,Harsimrat Kaur Badal,1591,9
233481476762034,Odisha Bhaskar,Odisha Bhaskar,1559,1
1327351450720146,Pradhan Mantri Bhartiya Janaushadhi Pariyojana,Pharmaceuticals & Medical Devices Bureau of India,1554,1
132689140088396,smilefoundation,Smile Foundation,1532,5
516751531513742,फिर से NDA सरकार,Summit Polcom,1521,2
1112129718894869,Realty NXT,Realty NXT,1513,2
148931718592314,Tarun Chugh,Tarun Chugh,1499,8
101227152869727,PKK - Post Kiya Kya,PKK - Post Kiya Kya,1493,2
577516122105252,Rajkumar Bajpayee,Rajkumar Bajpayee,1479,3
396884666831090,Sanjeev In Action,Sanjeev In Action,1463,17
104979212427874,Shrikant Joshi,Shrikant Joshi,1439,11
467948439733647,"Sonali Singh, बड़हरा",Guider Brothers Services Pvt. Ltd.,1428,3
424429107582290,BJP Gujarat,BJP Gujarat,1392,17
102519939308428,टीम: संजय कुमार झा,Summit Polcom,1382,2
643448929143572,DD India,DD India,1380,4
219673794876140,DDNewsLive,DDNewsLive,1378,4
103908895896613,Kush Srivastava,Kush Srivastava,1374,3
442193352301132,25 Me Bhi Nitish - 25 में भी नीतीश,Summit Polcom,1364,2
101168908331587,कौन बनेगा मुख्यमंत्री ?,Summit Polcom,1351,2
392403493952379,Haryanvi Panchayat - हरियाणवी पंचायत,Haryanvi Panchayat,1347,3
106715008938067,ਪੰਜ ਮੈਂਬਰੀ ਭਰਤੀ ਕਮੇਟੀ,ਪੰਜ ਮੈਂਬਰੀ ਭਰਤੀ ਕਮੇਟੀ,1321,2
121663547584291,Ashish Goyal,Global Thought Infotech,1308,3
20386543316,WWF-India,WWF-India,1305,3
363810233822217,Vikramjit Sahney,Gurdeep Singh,1300,1
520589794984505,Ved Prakash Sharma,Ved Prakash Sharma,1295,10
484296688110778,Americans4Hindus,Nyso Events,1273,12
641985525831714,Vipin Wankhede,Vipin Wankhede,1271,2
394262897575367,Sukhveer Maiser Khana,Sukhveer Maiser Khana,1258,6
163137720214433,The Sootr - Madhya Pradesh,The Sootr - Madhya Pradesh,1248,9
103532752455972,Dharani R Murugesan,Dharani R Murugesan,1243,1
315045435019500,Amit Agarwal,Amit Agarwal,1201,2
104147498521866,Col. Rajyavardhan Rathore Fan Club,Col. Rajyavardhan Rathore Fan Club,1187,14
712091332135894,Outlook Traveller,Outlook Traveller,1185,20
1909137529307634,Shri Ram Janmotsav Samiti Bhilai,Shri Ram Janmotsav Samiti Bhilai,1182,3
608110255712437,Chandigarh Vibes,Punjab Modi Naal - ਪੰਜਾਬ ਮੋਦੀ ਨਾਲ,1169,2
106280695607208,Dr Ajay Kumar Singh,Dr Ajay Kumar Singh,1156,4
102439886275219,Akhilesh Kumar,Akhilesh Kumar,1149,9
0,Instagram User 8537977037,These ads ran without a disclaimer,1149,1
128475639423859,Jaewoo Machines,Jaewoo Machines,1148,2
100650678033445,Topgallant Media,Top Gallant Media,1139,1
225469604484322,"GI Tagged - Geographical Indications, India",GiTAGGED,1129,1
116019334925360,"ମଧୁ ଦାଦାଙ୍କ ସମର୍ଥକ, କଳାହାଣ୍ଡି",Jayanta Kumar Naik,1118,2
776811142445534,Neeraj Rajhans BJP,Neeraj Rajhans BJP,1110,2
243633052417235,Whispers In The Corridors,Whispers In The Corridors,1105,1
253189218220160,Smita Uday Wagh,Smita Uday Wagh,1096,1
101112053045206,Bharat Ka Sach,Bharat Ka Sach,1090,1
630955390420927,Amitabh Bajpai,Hari Om Tripathi,1075,4
101726242702714,"नया बिहार, NDA परिवार",Summit Polcom,1057,1
1425967014292699,Col Rajyavardhan Rathore,Rajya Vardhan Sangh,1056,5
309270543171260,Bansal News,Bansal News,1050,9
694910440580332,Renu Bisht,Renu Bisht,1044,1
596670310194747,Mahabodhi Mahavihara Movement,Mahabodhi Mahavihar Movement,1044,2
1684839268411808,Rajalakshmee Sanjay,Rajalakshmee Sanjay,1043,3
112783995126450,Dr. Saket Bhargava,Dr. Saket Bhargava,1040,3
536248122905741,Janta Feed,MarathwadaVani,1035,2
530789300122140,Thirudargal Munnetra Kazhagam,SIMPLESENSE ANALYTICS PRIVATE LIMITED,1019,1
0,Instagram User 4133833106,These ads ran without a disclaimer,1015,1
547333091794149,Chinna Dhaddhi,Chinna Dhaddhi,1012,2
295639383836442,Agewell Foundation,Agewell Foundation,1003,1
791496597580042,Miracles Academy Of Arts & Media Pvt.Ltd.,Miracles Academy Of Arts & Media Pvt.Ltd.,1002,1
375394599197605,Parvesh Sahib Singh,Parvesh Sahib Singh,987,11
264860923382637,Sagar Khandre for Bidar,Karnataka Times,987,1
433491466510399,Saket Bhargava,AdGlow Media,984,2
106779038451508,Rajbir Bhullar,Rajbir Bhullar,969,3
113788384928196,Rohit Sikaria,Rohit Sikaria,948,2
100879151388529,Lion Dr. Y Kiron,Lion Dr. Y Kiron,936,6
166634426875405,Pradeep Batra,Pradeep Batra,920,12
1507342689517989,Prem Sagar,ART Valley DigiTech,918,13
733928859987797,TJ GOVINDARAJAN,TJ GOVINDARAJAN,914,1
1725809400997648,Ashok Tiwari BJP,Ashok Tiwari BJP,909,10
170367986668084,Jaiveer singh,Jaiveer singh,892,6
102797398919050,Anbudan Anbil,Anbudan Anbil,889,2
160772677439499,CBM India,CBM India,888,3
126215203905280,Snetric Power,Snetric Power,881,2
108867764912685,Pushkal Gupta,Promoworks I.T Solutions,879,3
108492911417034,Satyam Srirangam - INC,Satyam Srirangam - INC,874,11
109761007457435,SriGanesh - Cantonment,SriGanesh - Cantonment,872,6
105651677725948,Bharat Khabar,Bharat Khabar,867,1
102927112109432,Priyal Bhardwaj,Priyal Bhardwaj,864,4
142859438904001,Voice of Arjun Singh,Voice of Arjun Singh,858,5
1644165492504830,Ramoji Gowda,Ramoji Gowda,857,15
223961711137476,Ramesh Bidhuri,Ramesh Bidhuri,856,1
103684989371369,Om Saini,Om Saini,856,4
106067217612056,Abhinay Bhumana,Abhinay Bhumana,850,1
246140576219935,MLA Deshraj Karanwal,MLA Deshraj Karanwal,848,2
285403455681355,Railway Children India,Railway Children India,848,2
107538225694864,Ramvir Singh Bidhuri,Ramvir Singh Bidhuri,847,1
451196231404324,Dr. Rishabh Kumar,Dr. Rishabh Kumar,847,1
580667355135487,Er. Purnima Choudhary,Worddss Infotech,840,8
105005994571862,Nitish Cares,Summit Polcom,837,2
293590417171082,Yashwantraygouda Patil,Yashwantraygouda Patil,816,3
409124055618018,GURU KRIPA,These ads ran without a disclaimer,811,1
203524317201620,Gopal Sharma,Gopal Sharma,807,11
125195557348561,Manish Kumar,Manish Kumar,798,4
677434505611084,Ashok Goel,Ashok Goel,798,2
104357042543925,Manas Jaiswal,Manas Jaiswal,795,3
539895392770201,RAVI JAIN,SWANIT INFOTECH,790,12
524175857610300,Jammu and Kashmir Bank Ltd,Jammu and Kashmir Bank Ltd,778,2
269058706466644,Keshav Payyavula,Keshav Payyavula,776,19
104919512575530,Kujnish Vashisht,Kujnish Vashisht,774,5
108048795658201,Zubair Memon,Zubair Memon,773,2
394145337355359,Prahlad Gunjal,Prahlad Gunjal,765,1
109118788962298,Nagendra Fouzdar Sharma,Nagendra Fouzdar Sharma,760,3
201880540578582,Nishant Yadav,Nishant Yadav,758,6
284384891423919,PGS Global,PGS Global,756,1
1819606268050960,Kamal Dewan,Kamal Dewan,754,4
452259987977551,Apps of Bharat,Apps of Bharat,753,2
369568140191718,Vijayendra Yediyurappa,Vijayendra Yediyurappa,744,1
110794508100598,Kunal Dhawan,Kunal Dhawan,743,1
288538061977822,Rajesh Mundhe,Rajesh Mundhe,739,3
261062340429292,Garvit Singhvi,Garvit Singhvi,738,4
464492236757775,Kalpana Inamdar,These ads ran without a disclaimer,737,4
107686888117430,Ketan Jadhav,Ketan Jadhav,717,6
340631689635731,Akash Singh Sunny,These ads ran without a disclaimer,715,2
206868956312517,Kkssr Ramachandran,Kkssr Ramachandran,713,4
105605609055420,Ramvir Singh Bidhuri,Ramvir Singh Bidhuri,709,1
180220245363765,Chhagan Bhujbal,Outstretch Analytics and Media,704,1
105670635770921,Santosh Kumar Mehta,Santosh Kumar Mehta,703,3
121501814390962,Rakesh Singh,Rakesh Singh,702,3
107388411705279,Maxifluence Technovate,Maxifluence Technovate,694,3
112008980146770,King 360,King 360,693,2
102537269485116,Karun Kaura,Karun kaura,692,4
113533034939339,Bharat K Gupta,Bharat K Gupta,683,2
429197473603981,Shashant Shekhar,Shashant Shekhar,677,4
510796048788406,CM Yuva,SAMADHAN SAMITI,671,4
1966254296805216,Tika Ram Jully,Tika Ram Jully,668,4
198090980676319,Manish Sinha,Manish Sinha,665,13
790060764460702,MLA Meenakshi Singh,MLA Meenakshi Singh,657,9
166119237276964,Shivji Lal Choudhary,Shivji Lal Choudhary,653,5
214224311776721,Mysore Adivasi  Hakki Pikki Herbals,These ads ran without a disclaimer,650,1
112201355112794,Kashyap Sanjeev Srivastwa,Sanjeev Srivastwa,646,3
2461986047380000,Arjun Singh Bhadana,Arjun Singh Bhadana,645,2
1569590583286329,Meghnad Desai Academy of Economics,Meghnad Desai Academy Of Economics,643,2
166291677363551,Cyriac Chazhikadan,Cyriac Chazhikadan,640,1
108864094237011,Sanjay Kumar Ray,Digikalp,639,2
488124631054306,Anbil vibes Trichy,Anbil vibes Trichy,638,3
111276250676310,Pradeep Rai,Pradeep Rai,638,8
122215464206753,Biswajit Mandal,Biswajit Mandal,631,4
2329369950457298,Chetram Kumawat,Chetram Kumawat,629,9
353273898732219,Vasantham K.Karthikeyan,Vasantham K.Karthikeyan,626,3
289896204214520,Sôbha NCR,Sôbha NCR,626,1
221133587758801,Acharya Satvinder,Acharya Satvinder,617,2
2408155096081954,Shri Raghav Gaudham,Shri Raghav Gaudham,616,1
183635768462259,Madan Kaushik,Abhimanyu Singh,612,2
827495487267419,Amin Pathan,Amin Pathan,608,5
178813168851171,Arjun Modhwadia,Arjun Modhwadia,607,3
743418359142684,Bajrangi Prasad Yadav,Bajrangi Prasad Yadav,606,13
1235786446534273,Ajeet Patil Kavhekar,JSPM LATUR,604,2
196016376933415,pawan Kumar Singh Bihari,pawan Kumar Singh Bihari,600,9
493463320510256,Mayur Golwala,Mayur Golwala,599,7
199221869951113,Naishadh Desai,Naishadh Desai,586,1
105763204797843,Sambuddha Dutta Fan's Club,These ads ran without a disclaimer,586,1
163012950423886,Ramesh Chennithala,Ramesh Chennithala,580,2
114161525103222,Dr B L Ranwa Sikar,Dr B L Ranwa Sikar,577,16
1451803608466844,Dr. Shashi Bhushan Mehta,Dr. Shashi Bhushan Mehta,574,1
110120115042838,Ramesh Choudhary,Ramesh Choudhary,567,2
386864694512590,Aditya Solar Solutions,Aditya Solar Solutions,565,1
426868484184031,Vimal Katiyar,Vimal Katiyar,560,1
506552499435414,Mukesh Rajput,Mukesh Rajput,554,1
103205695784211,Vandana Verma,Vandana Verma,554,1
453471765027786,Adireddy Srinivas,politics for impact,549,4
104663008973111,मैं मिथिला हूँ,Summit Polcom,548,1
539439735924252,Jitendra verma,Hope Creative & Branding,546,1
109132461335756,Maddila Gurumoorthy,Maddila Gurumoorthy,542,2
103016597877556,Raushan Kumar,Raushan Kumar,540,1
111238757895487,Jungle Raj - जंगलराज,Jungle Raj - जंगलराज,538,1
106917325366688,Department of Fisheries,Department of Fisheries,535,3
427924417074886,Post Share,School of Politics,533,18
116061908179746,Wave City Ghaziabad,Wave City Ghaziabad,532,1
617446011985451,Aviraj Singh,Aviraj Singh,529,4
157202860803698,Manmohan Bhadana - Mannu,Manmohan Bhadana - Mannu,528,1
1157652540940990,Dr Daljit Singh Cheema,Dr Daljit Singh Cheema,527,3
616931194829885,Rohi Foundation NGO,Rohi Foundation,527,1
602375607274243,Rishabh Sardana,Rishabh Sardana,525,2
108874414684010,Gutha Amith Reddy,Gutha Amith Reddy,524,2
269905909879332,Ravi Agrawal,Ravi Agrawal,523,15
106742464626803,Pardeep Vats,Pardeep Vats,516,11
1629092507416340,Dilpreet Singh DP,Dilpreet Singh DP,516,13
102277376171800,Yash Agarwal,Yash Agarwal,515,4
290125350856569,Yashveer Lodhi,Yashveer Lodhi,514,1
177175432472750,Manoj Kumar Jain BJP,Manoj Kumar Jain BJP,514,1
232901336809764,Prem Chand Aggarwal,Prem Chand Aggarwal,512,2
100118461349090,Bhawna Bohra,The VoloPV,510,1
108088074367367,Sunayna Prakash - Soul 2 Soul with Sunayna,Sunayna Prakash - Soul 2 Soul with Sunayna,510,2
231440000062009,डाॅ.मंगेश तांबे,डाॅ.मंगेश तांबे,509,1
115414138167754,Virender Singh Yadav -हबलू नंबरदार,Virender Singh Yadav -हबलू नंबरदार,508,8
593659104429758,Nirvachanguru,Nirvachanguru,507,1
375281212346187,Manpreet Singh Ayali Team,Manpreet Singh Ayali Team,505,4
795910444128769,Yuva Bihar,Yuva Bihar,501,5
623319817528899,Binod Kumar Choudhary,Worddss Infotech,500,4
105656681183483,Vinay Agrawal,These ads ran without a disclaimer,500,1
109405609198056,Paras Health,Paras Health,500,1
935503089847466,Pant Path,Pant Path,499,2
685378605005326,Amitesh Shukla,Amitesh Shukla,499,1
1394348340777321,The Statesman,The Statesman Net Pvt Limited,499,1
106473341598352,Mayur Golwala,These ads ran without a disclaimer,498,2
105073542218128,Shankaracharya Govardhan Peeth Swami Adhokshjanand Devtirth,shree adhya shankaracharya dharmotthan sansad,497,5
417480301458672,Sandeep Singh SYV,Sandeep Singh SYV,497,1
100979628433430,Kamlesh Uniyal,Kamlesh Uniyal,487,7
234260773599989,Kunal Kumar,Kunal Kumar,484,3
101538858448134,The Summer News,The Summer News,477,1
108961510680625,Dheeraj Thakur,Swanit Infotech,476,8
103688032445275,Prince Yukesh Singh,Prince Yukesh Singh,474,5
110374320506069,Karnail Singh,Karnail Singh,472,1
103406515394734,इंजीनियर सुनील कुमार यादव,इंजीनियर सुनील कुमार यादव,471,3
419727994554766,SAMYA,BRRO,470,1
294703864386320,Rashtriya Kisan Manch,Pandit Shekhar Dixit,467,3
109666834688109,Saleem Sarang,OutFlow Social,466,2
116525378090861,TeesBunker,TeesBunker,465,1
290125350856569,Yashveer Lodhi,These ads ran without a disclaimer,463,1
246253911912355,What is Palm Oil?,These ads ran without a disclaimer,461,1
413335251852874,Sahafat Media,Sahafat Media,458,3
112939653780224,MLA Induraj Narwal Bhalu,MLA Induraj Narwal Bhalu,457,2
323203890878067,Gaur Properties,Gaur Properties,457,1
447456022283373,Amit Agarwal,Amit Agarwal,456,9
103002939517268,Aman Chopra,Aman Chopra,454,1
103760102031014,Rajeshwar Singh,Medevento Planner,446,3
0,Instagram User 6070854838,These ads ran without a disclaimer,441,1
111110957683757,Priya Shakya,Priya Shakya,440,8
104295385865861,Sikh Politics,Sikh Politics,440,4
222494364270638,Avinash Patil - Jadhav,Avinash Patil - Jadhav,440,1
157055547805820,Indian Industries Association - IIA,Indian Industries Association - IIA,439,1
2111964629030108,Ashish Mishra,Ashish Mishra,439,9
113760531749871,Thakur Yogendra Pal Singh Tomar,Thakur Yogendra Pal Singh Tomar,436,1
100493561785436,Dr. Sarfaraj Alam,Dr. Sarfaraj Alam,435,2
296002831234834,Swapnil Kothari,Swapnil Kothari,434,1
478041645392088,DK Mohan,DK Mohan,433,6
595162283681561,66 Lottery Vip2,These ads ran without a disclaimer,432,4
1152270198243235,Adv Ajay Yadav,Workforce Infotech,429,1
197530633436131,लोकसंघर्ष,लोकसंघर्ष,426,1
289211774272958,Shri Ganesh & S G Kids Schools,These ads ran without a disclaimer,424,1
104418925651544,Aditya Trivedi,globe Broadcasting,423,2
114965258346358,Pushkar Jha,Pushkar Jha,422,1
739221966159227,Rajesh Singh Dayal,Rajesh Singh Dayal,420,7
503591356423650,Ram Niwas Rara,Ram Niwas Rara,418,1
162997543569091,Vishal Sharma,These ads ran without a disclaimer,415,1
1683954348503491,RS Bali,RS Bali,414,1
637032090249714,Ujjal Phukon,Ujjal Phukon,411,3
1063955610325407,India Town News,Kartavaya Advertisers,410,4
109759257551393,Pro Punjab Tv,Pro Punjab Tv,408,1
167118396824153,Akshay Kanti Bam,Akshay Kanti Bam,404,5
426881010719758,Soumik Hossain,Soumik Hossain,401,4
317454018592115,Daily Post Punjabi,Daily Post Punjabi,400,2
111311881061077,Jaspreet Singh Karamsar,Stylo Travels,398,4
269656350189153,सागर गुप्ता,सागर गुप्ता,394,1
397087607805052,Untold Punjab,Untold Punjab,389,2
105143265163807,A.Hafeez shaikh,A.Hafeez shaikh,388,3
591629570924987,Manoj Kumar,Manoj Kumar,387,3
104398555950063,Ravindra Mohanlal Murliwala,Ravindra Mohanlal Murliwala,384,8
429529550572757,UniVarta,UniVarta,382,1
100626199690541,We Support Amit Shah,We Support Amit Shah,382,2
564087730311701,Umesh Sharma Kau,Umesh Sharma Kau,376,1
0,Instagram User 1124453724,These ads ran without a disclaimer,376,1
108683207761115,Dibakar Gharami,Dibakar Gharami,373,1
267449426454795,Rajeev Ranjan Raj,Rajeev Ranjan Raj,373,3
529881643856534,Bhanuben Babariya,Bhanuben Babariya,372,5
108558100489665,IHW Council,IHW Council,370,4
113738948471735,Dr. Ved Prakash Tandon,Dr. Ved Prakash Tandon,368,3
1418961411498523,Nimrat Kaur,Nimrat Kaur,368,9
1108773722539061,Kidari Sraawan Kumaar,Kidari Sraawan Kumaar,367,3
102303134507801,Ocean Purpose Project,These ads ran without a disclaimer,367,1
376824245510184,Kiran Singh Deo.official,Kartavaya Advertisers,366,1
111861104315866,Prateek Kalia,Prateek Kalia,364,3
106261054498841,Advocate Rajat Bhargava,Advocate Rajat Bhargava,364,6
107729402302653,Amit Shah Fan Club,Amit Shah Fan Club,364,2
176162586315764,Bhagaban Das,bhagabandas,363,5
1506822299538651,Vijay Kumar Mishra,Vijay Kumar Mishra,360,6
2192814514298439,Dr.Ashok Kumar Yadav,Dr.Ashok Kumar Yadav,360,1
567514886445740,Sanjeev Mishra,Sanjeev Mishra,359,10
309144062274760,Rajan Singh,AL RIZVIA MADADGAR TRUST,358,2
184848438961199,Surya Singh,Surya Singh,357,3
122102870216008863,Prateek Chaudhary,Prateek Chaudhary,356,2
100193472986676,भारतीय राजनीति के चाणक्य - अमित शाह,भारतीय राजनीति के चाणक्य - अमित शाह,356,2
421962034490470,Dhananjay Mahadik MP Kolhapur,Ashwamedha Media,355,1
344724472624518,Jupiter Public School,Jupiter Public School,355,1
110418618289766,MUNSIF TV INDIA,Munsif TV INDIA,352,4
110194685265228,Praveen Jha,Praveen Jha,351,2
253832617808976,ਬਠਿੰਡਾ ਲੋਕ ਸਭਾ ਦੀ ਬਦਲੀ ਨੁਹਾਰ,Shiromani Akali Dal,348,2
256683878023906,Atul Bora  অতুল বৰা,Atul Bora  অতুল বৰা,347,1
449380754924328,Ashutosh Sharma,Ashutosh Sharma,343,3
357607561482962,Riyas Khan,Riyas Khan,342,3
634163519774038,Bangla Gifts,These ads ran without a disclaimer,342,3
912096938897209,Vijay Singh,Vijay Singh,339,5
571167629925037,Ravi Boseraju,Ravi Boseraju,338,2
486872764514803,Endrendrum Anbil,Endrendrum Anbil,337,2
268437163351102,Saurabh Srivastava,Saurabh Srivastava,337,7
458921050845532,Dr. Kailash Verma,Dr. Kailash Verma,336,5
285354781671871,Team Digital Marketing,Team Digital Marketing,336,1
827883360557924,SaiKumar Panthula For Quthbullapur,SaiKumar Panthula For Quthbullapur,335,3
157138711601023,Suresh Garia,Suresh Garia,334,4
241423392382707,ਪੰਜਾਬ ਦੀ ਆਵਾਜ਼,PUNJAB DI AWAAZ,331,2
176577149195590,Rajendra Sharma,Rajendra Sharma,331,5
101349665373939,Surya sonal singh,Surya Sonal Singh,330,2
415602371854024,Nand Gopal Gupta Nandi,Nand Gopal Gupta Nandi,329,2
106956406527903,City mirrors news,City mirrors news,329,1
442126958986460,गढ़कुमो की बात,गढ़कुमो की बात,328,1
115659084775659,"I Support Political Chanakya ""Amit Shah""","I Support Political Chanakya ""Amit Shah""",328,2
107393955270223,Kedar Naik,These ads ran without a disclaimer,327,1
1161189387249433,राजेश अग्रवाल,राजेश अग्रवाल,326,1
102895098984992,Shruti Gangwar,Shruti Gangwar,325,3
104798777774349,Instabounce India,Instabounce India,324,1
579070728906826,Prabhasakshi,Prabhasakshi,321,1
299632054030077,Political Sathi,Political Sathi,320,3
292423790800286,Mussoorie Dehradun Development Authority - MDDA,Mussoorie Dehradun Development Authority - MDDA,319,7
1421601644782269,Sunil Soni,Sunil Soni,318,3
100714916241533,Kishor Nath,Kishor Nath,318,2
411982012668419,DreamWorth Solutions,DreamWorth Solutions,318,1
103075976021769,Aditya Narayan Tiwari,Aditya Narayan Tiwari,317,3
571917359330536,ಪ್ರಹಲ್ಲಾದ ಜೋಶಿ ಫ್ಯಾನ್ ಕ್ಲಬ್,ಪ್ರಹಲ್ಲಾದ ಜೋಶಿ ಫ್ಯಾನ್ ಕ್ಲಬ್,317,2
690318721046400,Sunil Magare,Sunil Magare,316,1
264550007518352,Swaroop Singh Rathore,Swaroop Singh Rathore,315,1
295990367766234,D.M.KathirAnand,D.M.KathirAnand,315,1
108813995042611,Gandi Babji,Gandi Babji,314,2
2224320437799183,Ajay Tiwari Kiccha,Digital Karigar,313,5
111272404535155,Rajendra Mulak - राजेंद्र मुळक,Rajendra Mulak - राजेंद्र मुळक,311,1
1646303952273244,नगर निगम वाराणसी Nagar Nigam Varanasi,नगर निगम वाराणसी Nagar Nigam Varanasi,311,3
108538541366715,Hindustan News Junction,Hindustan News Junction,311,2
385965154607526,The India Moves,The India Moves,310,1
476467372223361,Praveen Vallamalla,Praveen Vallamalla,309,1
1630206900568754,प्रसाद मनोहर थोरवे,प्रसाद मनोहर थोरवे,308,1
175685978964236,Sikkim Trending,Touchstone Infotech,308,1
105234459127980,Women Climate Collective,Women Climate Collective,308,1
106734264265364,Maharashtra Manoranjan Kendra,Maharashtra Manoranjan Kendra,308,1
115331064980636,Sudipta Mandal,Sudipta Mandal,307,1
1747946728760920,Venkateswara Rao Challa,Venkateswara Rao Challa,306,2
520949671329992,Indian School of Democracy,Indian School of Democracy,306,3
303932689745064,VS Joy,VS Joy,305,1
111315128332164,Dr. Prem Chand Bairwa,Dr. Prem Chand Bairwa,305,4
471821393164306,Sudarshan Gupta,SWANIT INFOTECH,304,4
111534537291356,Vidya sagar keshri,Vidya sagar keshri,303,2
354210368277318,Diwan Singh Bisht,Diwan Singh Bisht,302,7
291419550990676,Krishna Byre Gowda,Krishna Byre Gowda,302,1
285801091272200,The Live Tv 24 News,The Live Tv 24 News,300,4
105432080821225,Manyam Kishor Chowdary,Manyam Kishor Chowdary,300,3
322252541447585,Adil Ahmad Khan,Adil Ahmad Khan,300,1
412599206019337,सुनील फोगाट,सुनील फोगाट,298,3
395840130283398,Environment Story,Environment Story,298,2
293824977667889,Shakti Pratap Singh Rathore,Shakti Pratap Singh Rathore,298,4
100636924988548,Rajeshkhandelwalbjp,Rajeshkhandelwalbjp,297,5
112251856794216,Dr. Shiv Singh Rawat,Dr. Shiv Singh Rawat,296,1
109068627682978,Divyanshu Mishra-Anshu,Divyanshu Mishra-Anshu,294,2
100950149185398,Dinesh Agrawal,Dinesh Agrawal,292,2
101852146341116,Priyaka Kumar,Priyaka Kumar,291,2
106477475650941,Mulubhai Bera,Mulubhai Bera,291,4
102246688565290,Haji Zarif INC,Haji Zarif INC,291,3
101496786331635,freesoulsvoyage,These ads ran without a disclaimer,291,1
1292958904162605,Raksha Santram Saroniya,Raksha Santram Saroniya,291,5
100555688888866,Col Rajyavardhan Rathore Office,Col Rajyavardhan Rathore Office,289,7
1882711862044371,Er. Shashi Bhushan Rai - Gappu rai,Er. Shashi Bhushan Rai - Gappu rai,288,2
103160252130430,Raghumani for Uripok,Raghumani for Uripok,287,2
233340423189723,Save Punjab,Save Punjab,287,2
104975414208877,Kshipra Shukla,Kshipra Shukla,286,2
821638184518727,Rajpal Kharola,Rajpal Kharola,286,4
249118638631429,Dinesh sundrani,Dinesh sundrani,285,5
108449378386655,Uttarakhand Hulchal,Uttarakhand Hulchal,284,1
0,Instagram User 8444832312,These ads ran without a disclaimer,283,1
204633186070081,Akali Returns,Shiromani Akali Dal,283,1
108301650694029,Friendly Footprints LLP,Friendly Footprints LLP,283,2
422850371147549,Shubham Dhoot,Shubham Dhoot,282,4
103350788177653,Hem Narayan Singh,Hem Narayan Singh,281,4
576295626110636,दामू अण्णा इंगोले,दामू अण्णा इंगोले,280,1
436894072830841,vandanakumari,vandanakumari,280,1
394268224003994,Prem Narayan Pandey MLA,Prem Narayan Pandey MLA,278,6
103683047739814,Raaj Kumar Anand,Raaj Kumar Anand,277,2
0,Instagram User 9655744175,These ads ran without a disclaimer,277,1
401811196350367,Niranjan Roy,Desire Web Services,277,7
456444157542813,Sanjay Kumar Yadav,Sanjay Kumar Yadav,276,3
100138362878674,Shree Ram Ji Ka Bharat,Shree Ram Ji Ka Bharat,276,1
110847490543428,Vipul Kumar Salwan,Vipul Kumar Salwan,276,1
608263849033957,Dr Ajeet Kharka,Shree Digital Media,275,1
1839204416403215,Adv.Arjun Trehan,Adv.Arjun Trehan,274,3
179675765847392,Cherub Jain,Cherub Jain,273,2
419783647884391,Nitish Prabhakar Choudhary,worddss infotech,272,1
264308493442250,LaxmiKantha Rao Thota,LaxmiKantha Rao Thota,272,1
356682294842919,Badri Purbey,Badri Purbey,267,3
1495062327433191,Sunhak Peace Prize,These ads ran without a disclaimer,267,1
627744127080164,BJP Ballabgarh,Sachet Jain,267,6
1631196377103183,Sleepwell Foundation,Sleepwell Foundation,267,1
158865797299410,Akshay Pratap Singh,Akshay Pratap Singh,265,1
106690500949278,Candous International,These ads ran without a disclaimer,263,1
1170127696364395,Anil Maan Nalwa,Anil Maan Nalwa,262,3
1399553863632546,Kolan Hanmanth Reddy,Kolan Hanmanth Reddy,262,2
112508700507986,Virender Dutt Semwal,Virender Dutt Semwal,261,4
425544803965957,Deepak Kumar Agarwal,Deepak Kumar Agarwal,261,5
513225911864477,Shatrughan Kumar Yadav,Shatrughan Kumar Yadav,260,1
1825041164398438,Dr.Ashok Kumar Rai,Raj Tech,260,7
111022558749360,Dharmendra Kumar Sah,Dharmendra Kumar Sah,259,1
114865721583774,Kailash Verma,Kailash Verma,259,4
101305162665576,HASIB KHAN _293,Waltons Technology,258,7
108029775284449,Dinesh Agrawal,Dinesh Agrawal,258,3
1643423155763654,Headlines Bihar,Headlines Bihar,258,1
100597171696055,Makrand Patil,Makrand Patil,256,1
182296221631551,Mahesh Kumar,Mahesh Kumar,256,8
445459465661222,Uma Shankar Singh,Uma Shankar Singh,255,1
109589677986436,ArjunModhwadia For Gujarat,ArjunModhwadia For Gujarat,255,2
537612186106747,Khwairakpam Raghumani Singh,Khwairakpam Raghumani Singh,255,1
103599181499755,Niranjan Roy,Poll Aid,254,7
341754905685750,Best Free Funny Prank Call App,These ads ran without a disclaimer,254,2
102124172780905,Challa Vighneswar Reddy,Challa Vighneswar Reddy,254,3
106717649071157,I Support Amit Shah,I Support Amit Shah,252,2
426690553869985,ClassTym,These ads ran without a disclaimer,251,1
167869893408578,Sanjay Saraogi,Sanjay Saraogi,250,1
217357858697964,Engineer Muazzam,Engineer Muazzam,250,2
123204638367845,Saurabh Singh,Saurabh Singh,248,3
590936721069970,Ayush Agrawal,Ayush Agrawal,248,3
315319975293887,Anand Bihari Dubey,Anand Bihari Dubey,245,3
667678419753878,66 Lottery Vip1,These ads ran without a disclaimer,245,6
100138598436804,Saurabh Kumar,Saurabh Kumar,244,1
100778502391673,Joy Saha,Joy Saha,243,2
182507171621335,Apna Vidyalaya,Apna Vidyalaya,242,1
306034076263992,Marri Rajasekhar Reddy,Marri Rajasekhar Reddy,241,3
146482327551882,Ramesh Singh Yadav,Ramesh Singh Yadav,241,9
107989018290193,Dr Vijay Dahiphale,Dr Vijay Dahiphale,240,3
1938002469804247,Jaswant Singh Saini,Jaswant Singh Saini,239,3
112959218061339,Team Imaginers - Rotary International District 3150,Team Imaginers - Rotary International District 3150,239,1
102061458371354,Ravishankar Prasad Singh,Ravishankar Prasad Singh,239,2
103714028518672,Umang Bajaj,Umang Bajaj,238,3
186199704897466,RD Foundation,RD Foundation,238,1
1360805680600676,Sandeep Kshirsagar,Sandeep Kshirsagar,238,1
399227156950397,Vijay Khemka,Vijay Khemka,237,3
123680224168892,Amit Garg Murti,Amit Garg Murti,237,13
104762361705185,Ramesh Singh,Ramesh Singh,237,1
211316456818,Suveg Rathi,Suveg Rathi,237,1
714212365637304,Navdeep Chaudhary,Navdeep Chaudhary,233,5
321228061382932,Shekhar Dixit,Shekhar Dixit,233,2
430924343432312,Sunil Satpal Sangwan,Ecom Digitech,233,1
110679913629785,Rajesh Yadav,Rajesh Yadav,232,1
127932930638411,Adoor Prakash,Adoor Prakash,232,1
102447714973094,Yusuf Salahuddin,Yusuf Salahuddin,231,1
110189782103364,Swatantra Samuh Sewa Samiti,These ads ran without a disclaimer,230,1
198573349998003,Proactive Politicians,Pro Active Politicians,229,1
289042591648958,Jogeshwar Garg Jalore,Jogeshwar Garg Jalore,228,2
1048243535367274,Bhawani Singh,Bhawani Singh,227,3
761826677309909,Bhupinder Lather,CreateVerse,225,5
104319289299785,Adv Vijay Sharma,Adv Vijay Sharma,224,1
114234141261168,Dr. Nehal Sadhu,Dr. Nehal Sadhu,224,1
1619332168387269,Anurag singh MLA,Anurag singh MLA,223,5
460307280491683,Sujita Kumari,Sujita Kumari,222,3
103129192596778,Kuldeep Singh Chundawat,Kuldeep Singh Chundawat,221,1
2163983083861031,Atul Kapoor,Atul Kapoor,221,4
1766863846665524,Truth About Islam,These ads ran without a disclaimer,220,1
398506140002442,ਸ੍ਰੀ ਅਕਾਲ ਤਖ਼ਤ ਸਾਹਿਬ ਦੀ ਪ੍ਰਭੂਸੱਤਾ ਤੇ ਸਨਮਾਨ ਬਹਾਲੀ ਮੁਹਿੰਮ,Plumedia Panjab,220,2
105723722045918,Bhabendra Das,Bhabendra Das,220,3
107114604539894,Arjun Vedant Vlogs,Digital Samvaad,219,1
104982108521618,Jogani Mahendra,Jogani Mahendra,217,1
2156330694593998,Priyanka Pravin Barse,Priyanka Pravin Barse,217,1
237259159462643,Netaji,Awesome Innovators,217,1
116482731511472,Sandeep Nain,Sandeep Nain,217,1
111016951378962,Abhinav Thapar,Abhinav Thapar,217,3
424239111104105,राकेश सिंह प्रतापगढ़ मित्र मंडल,राकेश सिंह प्रतापगढ़ मित्र मंडल,215,1
359029337603258,Rahulinder Singh Sidhu - Bhattal,Rahulinder Singh Sidhu - Bhattal,215,2
374856929036385,Rahul Sinodiya,Rahul Sinodiya,214,3
108419407701493,Sravan Vurapalli,Sravan Vurapalli,214,1
109144597494578,Manpreet Singh Bunny Sandhu,Manpreet Singh Bunny Sandhu,213,1
491176140747908,EconomyWala-इकॉनमीवाला,Economy wala,212,4
165905907273367,Guru khushwant saheb,Guru khushwant saheb,211,2
234091989796701,Maryam Memorial Girls Educational Institution,Maryam Memorial Girls Educational Institution,211,2
765119473671678,Gagandeep Singh Sunny Kainth,Gagandeep Singh Sunny Kainth,211,3
106600387541566,Kamal Chib,Kamal Chib,211,3
314585835646784,Dr. Ranju Geeta,Dr. Ranju Geeta,211,4
101521235940655,Mukesh Tatwal,These ads ran without a disclaimer,209,1
101284198880936,The Unmute,The Unmute,209,1
106484681744267,The Summer News Himachal,The Summer News Himachal,209,1
102947206245235,Ankush Chaudhary,Ankush Chaudhary,208,3
373988905798667,Sahoo Construction and Solar,Sahoo Construction and Solar,208,3
115510024839064,Vibhu Bansal,Vibhu Bansal,208,1
1105918679563229,Pawan Mishra - पवन मिश्रा,Pawan Mishra - पवन मिश्रा,206,1
204605606072944,Kathleen Davies,These ads ran without a disclaimer,206,1
114014963305530,Yuvaan Energy Private limited,These ads ran without a disclaimer,205,1
437700840064818,Siddhartha Mishra,Siddhartha Mishra,205,1
246933238812367,Bachubhai Khabad,Bachubhai Khabad,205,3
175332483198713,Prerna Honrao,Prerna Honrao,205,1
107657765327576,𝐒𝐢𝐭𝐚𝐫𝐚𝐦 𝐒𝐚𝐡 - विधायक प्रत्याशी गायघाट 𝟖𝟖,𝐒𝐢𝐭𝐚𝐫𝐚𝐦 𝐒𝐚𝐡 - विधायक प्रत्याशी गायघाट 𝟖𝟖,204,1
825170717650553,Thedal App India Limited,Thedal App India Limited,203,3
105862605133770,Gulam Ali Khatana,Gulam Ali Khatana,202,1
436141652926919,Jai Bhim Sena,Need24,201,1
530245323513669,"Astt. Regional Transport Office, Etawah","Astt. Regional Transport Office, Etawah",201,2
101590398956031,Anusri satyanarayana,Anusri satyanarayana,201,2
900135010025028,CA Naresh Dhanraj Kella,CA Naresh Dhanraj Kella,201,2
111935045127511,The Lapeta,The Lapeta,200,1
396826943856386,Y.R. Gaitonde Centre for AIDS Research and Education,Y.R. Gaitonde Centre for AIDS Research and Education,200,4
101774241923129,Adv Arshdeep Singh Kler,Adv Arshdeep Singh Kler,199,1
104962827555430,Harpreet Singh Hero,Harpreet Singh Hero,199,1
132758923249567,Kuldip Singh Dhaliwal,Kissan Gurukul,198,5
100609135047058,Kavita Paswan,Kavita Paswan,198,2
457190067786968,Dhruv Public School,FS FINDSCOPE CONSULTANCY,197,1
100622528995677,Vishwas Sangwan,These ads ran without a disclaimer,197,1
975067502615074,Modi fan,Keyword India Network Pvt. Ltd.,197,3
109226942102394,Girish Bhardwaj,Girish Bhardwaj,196,4
216063095096626,Ujwal Keskar,Ujwal Keskar,195,2
524151680776441,Ramza News,Ramza News,193,2
704847062939121,Ranbir Nandan,Ranbir Nandan,193,4
225460537310541,Tata IIS,Tata IIS,193,2
502867826822646,Subhash Verma,Subhash Verma,192,3
118468318011159,Kakali Tah Gupta,IT Ground,191,1
2138337326209815,Amod Sirsikar,Amod Sirsikar,191,3
113858681342028,Dr. Anjali Yadav,Dr. Anjali Yadav,191,5
489217671186922,DELHI IAS Academy,Rishabh GFX,191,1
108758878983986,DrPrashant Dubey,These ads ran without a disclaimer,190,1
362500221148065,Dr. Ashutosh Verma,Dr. Ashutosh Verma,190,1
108814581289,MumbaiTheatreGuide.com,MumbaiTheatreGuide.com,190,3
112087665033838,Mahendra Dubey,Mahendra Dubey,189,4
114486475050146,Anjali Yadav,Anjali Yadav,189,4
185416161332832,NRI Cell BJP Haryana,NRI Cell BJP Haryana,188,4
102659309289512,Alok Singh,Alok Singh,188,1
1171462299729165,Sandeep Singh Deswal,Sandeep Singh Deswal,187,4
106311369198654,समर्थक राकेश सिंह प्रतापगढ़,समर्थक राकेश सिंह प्रतापगढ़,187,1
106419448576660,Arvind Singh Yadav MLA,Arvind Singh Yadav MLA,187,2
270633432804096,Akash Yadav,Akash Yadav,187,2
106901781497453,Karan Narendra Bakshi भाजपा देपालपुर इंदौर,Karan Narendra Bakshi भाजपा देपालपुर इंदौर,186,2
425296163993835,News24khabare,News24khabare,186,3
105932804652995,Anirban Goswami,Anirban Goswami,185,6
524144610983498,Bhupathiraju Srinivasa Varma - BJP Varma,Bhupathiraju Srinivasa Varma - BJP Varma,184,1
107144805822613,Shiv Prasad Yadav,Shiv Prasad Yadav,184,1
103312651035138,DIGI Bangla,Digi Bangla,183,1
988113031199582,Dr. Ramesh Chand Tomar,Dr. Ramesh Chand Tomar,183,2
573999332471756,Satya Kumar Kumar,These ads ran without a disclaimer,182,7
615604752174539,CHAYA MORE,CHAYA MORE,182,1
116910204769133,Satvir Singh Anand Sunny,These ads ran without a disclaimer,182,1
1706340266309328,Vishwa Hindu Prachar Manch,Vishwa Hindu Prachar Manch,182,2
103251851710926,Akula Srivani,Akula Srivani,182,1
105778334632982,Bihar Jharkhand Live Today,Bihar Jharkhand Live Today,182,1
1569852659799372,Dr. Nishant Anand,Dr. Nishant Anand,181,1
265137250007317,Prince Kumar,Prince Kumar,181,1
100417006046204,Nayan Kumar,Nayan Kumar,181,2
335324380433286,Bhishma Shankar Tiwari,Bhishma Shankar Tiwari,180,3
1562144384038949,Ankur Desai,These ads ran without a disclaimer,180,1
512134485313455,Padamjeet Mehta,Padamjeet Mehta,180,2
1554147098231875,Er. Agam Kumar Maurya,Er. Agam Kumar Maurya,180,1
104184495899739,Vivek Bagri,Vivek Bagri,180,2
101217485036988,Bangla Disha,Bangla Disha,180,1
605988829259849,Rohit Jully,Aditya Digital,180,2
1740554842848760,Ajay Shankar Dubey,Ajay Shankar Dubey,179,5
589797617804653,Kishor Jorgewar,Kishor Jorgewar,179,3
556491337547297,Bhaskar Rao Rokde,Bhaskar Rao Rokde,179,1
254206834446764,Ajay Kumar,Ajay Kumar,177,9
795382953957764,RANI SINGH,RANI SINGH,177,1
615161251676576,Vishwanath.MahadevOfficial,These ads ran without a disclaimer,177,1
1955301821451552,Abhishek Dutta,Abhishek Dutta,176,2
138636842959151,Gyasuddin Shaikh,Gyasuddin Shaikh,176,1
172512815954371,Electioncampaignwala,Electioncampaignwala,176,2
114565043261943,Suresh Singh Rawat,Suresh Singh Rawat,176,1
691445810951004,Dharmendra Singh Rathore,Dharmendra Singh Rathore,175,5
288551761015674,Krishna Choudhary,Digital Computer Classes,175,2
246758375190336,Samajwadi Party Bhiwandi West,Samajwadi Party Bhiwandi West,175,1
106316751711992,Chhatter Singh Thakur,Chhatter Singh Thakur,174,2
639481959502611,Royal Patrika,Royal Patrika,173,1
102123419539115,Amit Shah Fan Army,Amit Shah Fan Army,173,1
102034865308612,Vasim Raja. M,Vasim Raja. M,172,1
100287319546577,Mahesh singh,Mahesh singh,172,1
589772990890963,Mudra Finance,These ads ran without a disclaimer,171,1
101306915278638,Mufti Mohammed Samir Wahid,These ads ran without a disclaimer,171,1
224787738121110,Manan Dani,These ads ran without a disclaimer,171,1
114518447059786,Santosh Singh,Santosh Singh,171,4
250123451511060,Munsif Tv Jammu Kashmir News,Munsif Tv Jammu Kashmir News,171,2
101357615849192,Grow Puffery Opc Pvt. Ltd.,Grow Puffery Opc Pvt. Ltd.,170,2
584800664708106,Sunrainsolar,These ads ran without a disclaimer,169,1
110423851546365,Ranjan Sharma,Ranjan Sharma,169,6
106123541012960,Choti Wala Sarpanch Sehri,Choti Wala Sarpanch Sehri,168,2
846994962145905,Manoj Kumar Aggarwal,Manoj Kumar Aggarwal,168,2
236970613505172,Annu Tandon,Annu Tandon,168,1
114531171665551,Rajkumar Sharma,These ads ran without a disclaimer,167,1
215768821611102,Sat Sharma CA,Sat Sharma CA,167,4
1591721357817785,Anupam,Anupam,167,3
2853498381391691,Aditya Kumar Paswan,Aditya Kumar Paswan,166,1
1613686538669654,Ashok Singhal Foundation,Digital Xplode,165,3
102129895691037,Raj Kumar Raju,Raj Kumar Raju,165,4
638149850140319,Ritu Raj Pandey,Ritu Raj Pandey,164,2
532060096667673,Legacy of Vinoj,Dee Technologies,163,2
111273715192620,Shrichand Sundrani,Shrichand Sundrani,163,3
315523084977319,Rahul verma,Rahul verma,162,6
100560489493422,Dr. Dhananjaya Sarji  ಜನಪರ - ಜೀವಪರ,Dr. Dhananjaya Sarji  ಜನಪರ - ಜೀವಪರ,162,2
218844865628197,Rashtrawadi Party,Rashtrawadi Party,162,1
518458474677252,Inqlabi Jan Morcha,Inqlabi Jan Morcha,162,1
293864323820343,Chetan Dada Tupe FC,Chetan Dada Tupe FC,161,2
189434560918747,आपला ईशान - Aapla Eshan,आपला ईशान - Aapla Eshan,161,2
101763291591410,Dr. B. Jha Mrinal,Easy Social,161,4
1865245697036691,Dr. Anil Maurya,Dr. Anil Maurya,160,1
421838478623989,Ram Siya Sharan,Ram Siya Sharan,160,4
226578917197104,Sneha ranjeet kalate fc,Sneha ranjeet kalate fc,160,2
1624744290935399,Mahendra Singh Yadav - Parihar,Mahendra Singh Yadav - Parihar,159,1
252052204665593,Chalisgaon MH52,Chalisgaon MH52,159,1
267594743799475,Neetu Chaudhary,Neetu Chaudhary,158,5
102491095749364,Satya Yadav,These ads ran without a disclaimer,156,1
263560423714979,Dr. Mahesh Sharma,Dr. Mahesh Sharma,156,1
109606658676705,Abhishek Ranjan,Praveen Pratap Singh,156,2
974205249275606,Beat of Life Entertainment,These ads ran without a disclaimer,156,1
162339983959027,Kedar Kashyap,Kedar Kashyap,155,3
1379612502082198,Alok Misra,Workforce Infotech,154,1
113241531613131,Nawnit Niraj,Nawnit Niraj,153,1
543663642154712,Adv CA.Sahil Singla,Adv CA.Sahil Singla,152,1
218612418536093,Sandeep Singh Thakur,Sandeep Singh Thakur,152,4
107344272047377,Sanjeet vishwakarma,Sanjeet vishwakarma,151,1
646511032465802,Dr. Basavaraj S Kyavater,Dr. Basavaraj S Kyavater,151,1
307992149066448,Sanjay Pati Tripathi,Sanjay Pati Tripathi,151,3
110041803678379,Kabir Shankar Bose,Kabir Shankar Bose,150,1
100124012061572,Deen Dayal Gaur,Deen Dayal Gaur,150,4
645201615334303,Dhanjit kalita friends club,These ads ran without a disclaimer,150,1
142566424655613,RTI Drafting Service's हिंदी,RTI Drafting Service's हिंदी,150,1
359202421309431,Sumit Pratap Singh,Sumit Pratap Singh,150,1
101305292802163,Kunal Kishor,These ads ran without a disclaimer,149,1
153290248039479,Renovation Factory,These ads ran without a disclaimer,149,1
416260385806507,DR V.S Chauhan,DR V.S Chauhan,147,2
302211316810005,Sabke Armaan- सबके अरमान,Sabke Armaan- सबके अरमान,147,2
100275942099709,Ishpreett Ranjit Singh,Ishpreett Ranjit Singh,147,3
101714281967122,Bihar Lokmanch News,Bihar Lokmanch News,147,1
564607350076732,lokreportnews,These ads ran without a disclaimer,146,1
373995782470313,Doddareddy Sidda Reddy,Habulus Group,146,2
1576734822340874,Ejya Yadav,Easy Social,146,4
198526570751430,Rajesh Dhakad,Rajesh Dhakad,146,4
109277358356132,Rakesh Jangir,Rakesh Jangir,146,3
534122463110130,imperiummun,These ads ran without a disclaimer,145,1
266219819913248,Hemant Bagul FC,Hemant Bagul FC,145,3
333347933189588,Kashif Sayed,Kashif Sayed,145,2
119222219464434,Megha Rajendra Babar - मेघा राजेंद्र बाबर,Megha Rajendra Babar - मेघा राजेंद्र बाबर,145,1
599688203222329,Mahakoushal Solar,Namaste Digital,144,1
336756436198775,Vandana Kumari,Vandana Kumari,144,2
228695480836620,Sreeraja Chokkar 4 Virudhunagar,These ads ran without a disclaimer,143,1
420641791337176,Shivbeer Bhadauriya Shivaji,Shivbeer Bhadauriya Shivaji,142,2
116458781310492,Abhiram Singh,Abhiram Singh,141,2
107473064161103,माता-पिता से निवेदन,माता-पिता से निवेदन,141,1
474934949035602,Delhi Dialogues,voidigitalnetwork,141,3
290539707467340,Ajaykumarsingh,Ajaykumarsingh,141,1
110800892121971,दिलीप राय मुखिया,These ads ran without a disclaimer,141,1
110555340292585,Dr. Madhusudan Malani,These ads ran without a disclaimer,140,1
109733650923858,Mithilesh Pathak,Mithilesh Pathak,139,1
114321278197936,Dhanraj Talampally,Dhanraj Talampally,139,2
106902725770379,Pardeep Mor,Pardeep Mor,139,1
369472912919913,Vinod Kumar Yadav,Habulus Group,139,2
268322986515192,Nikhil Chaprana,Nikhil Chaprana,138,6
263045300224307,Abhimanyu Yadav,Abhimanyu Yadav,138,1
1001839976655601,Vijay Ashok Gondkar,These ads ran without a disclaimer,138,1
597330460442186,Dr. Satya Pandey,Dr. Satya Pandey,138,1
109964085482239,Nilesh Bharti,Nilesh Bharti,138,1
285831614604693,Makkal Murasu Katchi /மக்கள் முரசு கட்சி,Makkal Murasu Katchi /மக்கள் முரசு கட்சி,137,1
533643893158941,Datta Somnath Gadalkar,limelight pr solutions,137,1
106418145443823,Shaan Khan,Shaan Khan,137,4
110733960805508,RTI Drafting Service's,RTI Drafting Service's,137,1
309509952237057,Adv Vinod Makwana,These ads ran without a disclaimer,136,1
625419018103389,Sardar Ajay Pal Singh,Sardar Ajay Pal Singh,136,4
174143129812444,Divyanshu Bhardwaj,Divyanshu Bhardwaj,136,2
352011964665574,Irfan Khan,Irfan Khan,136,3
102856775182731,Annai Fashions,Annai Fashions,135,2
405726452617826,भाई भजनलाल,भाई भजनलाल,135,1
113939478422378,Arif Mallick,Arif Mallick,135,1
0,Instagram User 2523858969,These ads ran without a disclaimer,135,1
100836134710997,Fans of Manohar Lal - The Trailblazer,Fans of Manohar Lal - The Trailblazer,134,2
107734789881716,गौ भक्त भक्ति तिवारी,गौ भक्त भक्ति तिवारी,134,1
554631581071284,Skill Development Mission Mlp,Skill Development Mission Mlp,133,1
171213636079805,Online jobs,Online jobs,133,3
301058180261039,Kunwar Brijesh Singh,Kunwar Brijesh Singh,133,1
101918572731883,Mukeshji Thakor,Mukeshji Thakor,133,2
105155391332967,Dhiraj Kumar Yadav,Dhiraj Kumar Yadav,132,2
109821431859578,Lakshay Sharma,Lakshay Sharma,132,5
645615995302645,Sandesh Gurav - संदेश गुरव,pestora,132,2
0,Instagram User 3475699974,These ads ran without a disclaimer,131,1
252409824844672,Gopal Tiwari Pune,Gopal Tiwari Pune,131,1
421822485220947,Shruti Choudhry,Shruti Choudhry,130,1
103592127897894,Kayal Mahaboob,Kayal Mahaboob,130,1
665335126916343,Sushil Mengade,Sushil Mengade,129,1
643585165499165,Ganesh Naik Janta Darbar,Desi Journey Pod,129,2
271570539634415,Rahul Kajal,Rahul Kajal,128,1
100214938974143,Karan TV,Karan TV,128,1
109159772235360,Mahesh Chand Srivastava,Mahesh Chand Srivastava,128,1
108807732019336,Dr-Abhishek Bardhan,Dr-Abhishek Bardhan,127,3
288292778374492,Raju Gupta,Raju Gupta,127,2
315398814999516,Nazrul Karim Ahmed,Nazrul Karim Ahmed,127,2
106930848867254,पहली खबर - Pehli Khabar,पहली खबर - Pehli Khabar,127,3
178652768675855,Yashpal Chauhan,Yashpal Chauhan,126,1
557188224152739,Deepak seth -Hcra.india,These ads ran without a disclaimer,126,2
147611371764763,India’s Intellectual Statesman- Praful Patel,India’s Intellectual Statesman- Praful Patel,125,1
120496281020796,Sandeep Shyam Kumar,Sandeep Shyam Kumar,124,3
1921575918110414,Advik Energy Solution Pvt. Ltd.,Advik Energy Solution Pvt. Ltd.,124,1
109125005041820,Mohini sharma bjp,Mohini sharma bjp,124,2
271985123173847,Pushpendra Singh,Pushpendra Singh,124,1
100680769343879,Baldev Gora,Digital Unplug,124,2
415335308946288,Jeevan Jyot,Jeevan Jyot,124,3
2159484957646626,Mahant Daleep Rawat,Mahant Daleep Rawat,124,1
484893148039115,Sikkim Fish Festival 2024,Fisheries Department,123,1
194204921105767,तिजारा टाइम्स - News,तिजारा टाइम्स - News,123,1
910153919008427,Prabal Pratap Singh Judev,D P ENTERPRISES,123,2
104697872457398,D K Brijesh,D K Brijesh,123,3
281056145340079,Ajai Chowdhry,Ajai Chowdhry,123,1
2109470129112416,PM Sai Prasad,PM Sai Prasad,123,1
111284168025468,Gaurav Kakkar,Gaurav Kakkar,123,2
103148024821810,Lal Singh Arya,Lal Singh Arya,121,1
103851629245334,Jyoti Jayanti,Jyoti Jayanti,121,1
668808673207412,Harpal Singh Bhamra,D P ENTERPRISES,120,2
2287198564853830,Raghu Rama Krishna Raju,Raghu Rama Krishna Raju,120,4
589992961010910,Manoj Garg,D P ENTERPRISES,120,2
629977310955589,Krishna Sharma,Krishna Sharma,120,1
153235531201800,Haresh Thummar,Haresh Thummar,119,1
282660879067996,Ram Singh Kaira,Ram Singh Kaira,118,2
493463320510256,Mayur Golwala,These ads ran without a disclaimer,118,1
111919224720646,The Haryana Pond and Waste Water Management Authority,The Haryana Pond and Waste Water Management Authority,118,1
699178960174829,Rana Pratap Singh,Rana Pratap Singh,118,2
461136883751138,Office of Manohar Lal,Office of Manohar Lal,118,1
496374010231208,Rajeev Sharma,D P Enterprises,117,2
340874983036021,Rajni Tiwari,Rajni Tiwari,117,3
1561939470716058,Kuldeep Kumar,D P ENTERPRISES,117,2
718246468212498,Gajanan Ghuge - गजानन घुगे,Gajanan Ghuge - गजानन घुगे,116,1
112329045086959,Anubhav Yadav,Anubhav Yadav,116,1
111303055368760,Govind Balyan,Govind Balyan,116,2
104946532426557,Bharat Advertising Agency,Bharat Advertising Agency,116,1
192803100590287,Vikash Kumar Mahto,These ads ran without a disclaimer,116,1
2118803388399006,Click2Public Technologies OPC Private Limited,Click2Public Technologies OPC Pvt. Ltd.,115,1
352985404574987,Eknath Brigade,Kwento digital,115,1
104656718036008,Sunita Dayal,Sunita Dayal,115,1
119707697893540,Rajeev Tarara,Rajeev Tarara,115,2
344020709103884,Bharat Raj India News,Bharat Raj India News,115,1
625381524300289,Himangshu Shekhar Baishya,Himangshu Shekhar Baishya,114,2
164982960271425,OdishaLIVE,OdishaLIVE,114,1
413271651866568,Varun Agarwal,Varun Agarwal,114,4
388740271500168,Yuvraj Vashistha,Yuvraj Vashistha,114,2
106755038331043,Pardeep Mittal,Pardeep Mittal,114,1
144163038771919,Waseem Mian,Waseem Mian,113,2
102798128034126,Voice Of Haryana Digital.Live,Voice Of Haryana Digital.Live,113,1
101197658636724,Dharambeer Singh Dhillon,Dharambeer Singh Dhillon,113,4
518833881315101,Satish upadhyay,team dhwani,112,3
358647120668126,Team Ajay Rathee BJP,Team Ajay Rathee BJP,112,2
2097919017088717,Saurabh Mishra,Saurabh Mishra,112,1
197712980092340,Live India News,Live India News,112,2
468556393003761,Kiran Choudhry Fans,Suryanetram,112,1
802311956513987,Rahul Singh Lodhi,Rahul Singh Lodhi,112,5
460345467152397,Shiromani Akali Dal Delhi Unit,Shiromani Akali Dal Delhi Unit,111,1
100601291975066,𝐁𝐡𝐢𝐦𝐫𝐚𝐨 𝐒𝐚𝐭𝐡𝐞 - भिमराव साठे,𝐁𝐡𝐢𝐦𝐫𝐚𝐨 𝐒𝐚𝐭𝐡𝐞 - भिमराव साठे,111,1
1477995485750221,Acharya Devvrat,Acharya Devvrat,111,1
156305911727294,Ravinder Singh Negi,Ravinder Singh Negi,111,1
109575523898069,N.Jayaraman,N.Jayaraman,110,1
598905726639006,Mla.meghshyamsinghbjp,MEGH SHYAM SINGH,110,1
251520354709916,AatmaRam Patel आत्माराम पटेल,SPTM Media,110,3
445369235900937,Manpreet Waraich - Money,Manpreet Waraich - Money,110,1
103814657816670,Dr.Bandana Harichandan,Dr.Bandana Harichandan,109,2
534434659744345,Naya Sawera Gurgaon,These ads ran without a disclaimer,109,1
320257568156762,Karuna Sagar IPS,Karuna Sagar IPS,109,1
114357628258952,smittt___,These ads ran without a disclaimer,108,1
277823625423686,Lodhi Devendra Singh,Lodhi Devendra Singh,108,1
565237140189986,Ramesh Awasthi,Ramesh Awasthi,108,1
103051088538592,S. Jagdip Singh Kahlon - Krishna Park,S. Jagdip Singh Kahlon - Krishna Park,108,1
582896129056243,Trading targets,Trading targets,108,1
109753028197935,Awlesh Singh,Awlesh Singh,108,1
1430063227225725,Gaurav Goel,Sarthak Goel,108,2
104507494931668,Modi Yuga Bharat,Modi Yuga Bharat,107,2
1555957571287817,Awais Amber,These ads ran without a disclaimer,107,1
114575350669010,Ludhiana PLUS,Ludhiana PLUS,107,6
596225636907467,Solar Wave Innovations,Namaste Digital,107,1
398605796662242,AITC Debasish Mukherjee,vinayakastropoint,107,1
123539758317721,Dharmendra Rathore Team,Dharmendra Rathore Team,107,1
1500312986883514,Vikash Kumar Mahato,Vikash Kumar Mahato,107,1
610080202181783,Mukesh Choudhary BJP MLA NAKUR,Anything Infotech,106,1
389783334217200,DrPankaj Kumar Singh,DrPankaj Kumar Singh,106,1
2442133892516408,Apex children Academy khinwsar,Apex children Academy khinwsar,106,1
104534238108822,बगहा की आवाज़,बगहा की आवाज़,106,1
300617407296261,Mohd Hassan Roomi,Mohd Hassan Roomi,106,1
105565704943164,Moon Swarnakar,Moon Swarnakar,106,4
201616209694680,The Stitching House,The Bleu tech1,105,1
463102823563847,harsh anil sharma,Clever Clicks Solutions,105,1
110570145044943,Sanjay Gupta,Sanjay Gupta,105,1
521220797732255,Rahul Singh Chauhan,Sumit Rajput,105,1
304227026106940,"विकास करोड़िया ""पिन्टू""",These ads ran without a disclaimer,105,2
458882173974088,Manoj Goel Fan Club,Suryanetram,105,1
103419705479022,Amir Shaikh FC,Amir Shaikh FC,105,1
389487614247190,"Siddhinath Mishra ""Siddhant""","Siddhinath Mishra ""Siddhant""",105,1
796872737016939,Jitendra kumar Sharma,Jitendra kumar Sharma,104,1
336045820978489,Surendra Maithani,Surendra Maithani,104,1
236658782858618,Aryan Chauhan,Aryan Chauhan,103,1
556333234221397,VHL Solar,VHL Solar,103,1
1698107907185631,Hetero Healthcare Limited,These ads ran without a disclaimer,103,1
114763524972730,Parass Kumar Jain,Parass Kumar Jain,103,1
115956084860572,Prashant Dattatray Ogale,Prashant Dattatray Ogale,103,1
369010372971017,Andualem T. Boltena,These ads ran without a disclaimer,103,1
550400838166485,Amit Kumar Chandravanshi,ART Valley DigiTech,103,1
252429644614807,Hardiksinh Dodia,Anieffects Media Works,102,1
108432861353908,Karan Singh Yadav,Karan Singh Yadav,102,1
105035582093336,Brij Bhushan Gairola,Brij Bhushan Gairola,101,1
981603711956127,Abdul Hafiz Malik,Abdul Hafiz Malik,101,1
294912941423623,DR.Buchepalli Sivaprasad Reddy,DR.Buchepalli Sivaprasad Reddy,≤100,1
357885017401525,Harish Verma,Harish Verma,≤100,2
530801163452065,Juris Pathway,Juris Pathway,≤100,1
104858406054601,Sopan Nibude,Sopan Nibude,≤100,1
242002562334058,technogroup,These ads ran without a disclaimer,≤100,2
0,Instagram User 4323242219,These ads ran without a disclaimer,≤100,1
110653690702115,Mithila web development services,Mithila web development services,≤100,1
100114929443210,A Pritesh Patel,AniEffects Media Works,≤100,1
2220752738241520,Kamlesh Kumar Singh,Kamlesh Kumar Singh,≤100,1
0,Instagram User 9838587646,These ads ran without a disclaimer,≤100,1
115291483238115,Mahesh Shinde - महेश शिंदे,Mahesh Shinde - महेश शिंदे,≤100,1
107131412052288,DrHari Shanker Gangwar,DrHari Shanker Gangwar,≤100,2
150540858664197,Virender Babbar,Virender Babbar,≤100,1
104336445028940,Breaking Bihar,Breaking Bihar,≤100,1
1781919935439100,विकास पागल हो गया है,विकास पागल हो गया है,≤100,1
825870624112435,Ramesh Chandra Ratn,Ramesh Chandra Ratn,≤100,1
106571921734082,Angelcroshet Store,Angelcroshet Store,≤100,1
104064564864244,Chandermani Kulethi,Chandermani Kulethi,≤100,1
109046662141372,Political Junction,Political Junction,≤100,1
103133775393442,The Battery House,These ads ran without a disclaimer,≤100,1
878072259031908,Manjeet Dharampal Choudhary,Manjeet Dharampal Choudhary,≤100,1
111117671909756,Vishal Garg,Vishal Garg,≤100,3
106419895704838,Manoj Somani,Manoj Somani,≤100,1
1660545834170889,Bhaskar Sharma ভাস্কৰ শৰ্মা,Bhaskar Sharma ভাস্কৰ শৰ্মা,≤100,1
283622288176262,Dr. Anirban Ganguly.Team,WebWorld Tech,≤100,1
117363548900528,Ashish Pratap Singh,Ashish Pratap Singh,≤100,6
102629769295273,Rahul Dongle,Rahul Dongle,≤100,1
185953834610599,Paramjit Singh Sarna,Paramjit Singh Sarna,≤100,2
2062911480400872,Gain Digital Services,Gain Digital Services,≤100,1
231108387395325,Ramkumar verma,Ramkumar verma,≤100,3
312450731945054,Quantum Solar,Namaste Digital,≤100,3
108691262047208,Kamlesh Kumar Raghuvanshi,Kamlesh Kumar Raghuvanshi,≤100,1
103464655484352,Narendra Singh Yadav,Narendra Singh Yadav,≤100,1
316365575140365,Rozana Spokesman,Rozana Spokesman,≤100,2
1673838049345311,Political creation house,Political creation house,≤100,2
109429021385025,Kamlesh Bairwa,Kamlesh Bairwa,≤100,1
100967488604582,Keyur Anadkat,Keyur Anadkat,≤100,1
240101475857854,Social Justice,Social Justice,≤100,1
219514401576120,Dr.SG Suryah,SG Suryah,≤100,2
174534219608675,Raghav Thakur,Raghav Thakur,≤100,3
1727859277354436,Bhuwan Vikram भुवन विक्रम,Bhuwan Vikram भुवन विक्रम,≤100,1
281785661678371,Mohammad Aqib,Mohammad Aqib,≤100,1
444000972398140,Dr. Ajay Dharam Singh,Dr. Ajay Dharam Singh,≤100,2
100617825751591,Arun Singh - अरूण सिंह,Arun Singh - अरूण सिंह,≤100,1
104096344544568,Ram Raja Solar Energy,These ads ran without a disclaimer,≤100,1
462647296923137,Dr.Ayesha Fatima,savera education welfare and charitable trust,≤100,2
308344475697834,Pramod Wakodkar,These ads ran without a disclaimer,≤100,1
107879720555218,Rajneesh Gupta BJP,Rajneesh Gupta BJP,≤100,1
111779185317566,Krishna Kalyani,Krishna Kalyani,≤100,1
258950753966337,ನಿಮ್ಮ ದಿವಾಕರಗೌಡ್ರು ಅರಕಲಗೂಡು ವಿಧಾನಸಭಾ ಕ್ಷೇತ್ರ,ನಿಮ್ಮ ದಿವಾಕರಗೌಡ್ರು ಅರಕಲಗೂಡು ವಿಧಾನಸಭಾ ಕ್ಷೇತ್ರ,≤100,1
181476575044850,Srikanth Kompally,Srikanth Kompally,≤100,1
101030099174188,श्री. अजित जगताप - Ajit Jagtap,श्री. अजित जगताप - Ajit Jagtap,≤100,2
406194129798586,Gayatri Khadke - Suryavanshi,Gothic Digital,≤100,2
694735337037944,Shubham Gangwar,lets vote india,≤100,2
115617371600581,Prasad Bhoir,Prasad Bhoir,≤100,1
479007638634885,ಅಪ್ಪಣ್ಣಾ ಹಸರಡ್ಡಿ,kognemolme gufum,≤100,1
102876552877757,Sukhvir Singh,Sukhvir Singh,≤100,1
100629682550398,Jaswinder Kandaa,Jaswinder Kandaa,≤100,1
713416382011902,Sahil Shivaji Kedari,Sahil Shivaji Kedari,≤100,1
174413176546278,Mangat Ram Sharma Adarsh Nagar Vidhan Sabha,Mangat Ram Sharma Adarsh Nagar Vidhan Sabha,≤100,1
301482743520742,Aseem Gupta,Aseem Gupta,≤100,3
1904178989795212,Shweta Diwakar,Shweta Diwakar,≤100,1
334431849982891,Engineer's Basket,Engineer's Basket,≤100,1
568278870045228,Bjp It Vibhaag Kanpur Govind Nagar,Bjp It Vibhaag Kanpur Govind Nagar,≤100,1
111924578381136,Borah Manash,Borah Manash,≤100,1
868078433544344,Kirpalsinh Chavada Ajol,Kirpalsinh Chavada Ajol,≤100,1
579381605593294,Vikas Sharma,Vikas Sharma,≤100,1
102464458583665,आएगा तो मोदी ही- Team Namo,आएगा तो मोदी ही- Team Namo,≤100,1
104260901591180,Indra Sao,Indra Sao,≤100,1
103644719225649,C Divakara Reddy,C Divakara Reddy,≤100,1
198586226661969,Vijay Vikram Singh,Vijay Vikram Singh,≤100,2
514806785196534,Gopal krishna Agarwal,Gopal krishna Agarwal,≤100,1
110137135193206,Akhilesh Yadav Aksh,Akhilesh Yadav Aksh,≤100,1
102497059315779,VVIP News,VVIP News,≤100,1
380860598454848,Dr. Pankaj Singh Bhadauria,LucknowTech,≤100,1
0,Instagram User 831498632,These ads ran without a disclaimer,≤100,1
595825780283177,अखण्ड भारत 24,These ads ran without a disclaimer,≤100,1
104446099262016,प्रवीन लाकड़ा - समाजसेवी नरेला,These ads ran without a disclaimer,≤100,1
700171774147955,Aakash Zaildar,Aakash Zaildar,≤100,2
491871227343586,Jitendra Singh,Jitendra Singh,≤100,3
495622273645559,Mufti Shamail Nadvi fanpage,These ads ran without a disclaimer,≤100,1
542850332242787,Howrd Tuston 90,These ads ran without a disclaimer,≤100,1
528851626974446,Raw News,These ads ran without a disclaimer,≤100,1
235573150172779,Donatekart,These ads ran without a disclaimer,≤100,1
100618735209750,IND TALK,IND TALK,≤100,1
537215382797629,SYF Haryana,SYF Haryana,≤100,1
349594075908636,Syed Salman Ali,Syed Salman Ali,≤100,1
914415405355755,Raghav agnihotri,Raghav agnihotri,≤100,2
299454709911924,Shashank Shekhar,Shashank Shekhar,≤100,1
203173649543655,Vikas Singh,Vikas Singh,≤100,2
102123449068334,Er.Venu Gopal Sinha,Er.Venu Gopal Sinha,≤100,1
273944889957558,SHABD MANCH,These ads ran without a disclaimer,≤100,1
308228153335785,Chandanji Thakor,Chandanji Thakor,≤100,2
115255098121327,Chandan Chandrakar,Chandan Chandrakar,≤100,1
112291655141502,Arpit Das Ji Maharaj,Arpit Das Ji Maharaj,≤100,4
122878587454389,Kuldeep Rawat,Kuldeep Rawat,≤100,1
111734600644064,Ajitpal Singh Kohli,Ajitpal Singh Kohli,≤100,2
263493044065302,Ravi Path News,Ravi Path News,≤100,1
1819997541592243,Imran Qureshi,Imran Qureshi,≤100,1
666607407031253,Albel Ghuraiya,Albel Ghuraiya,≤100,2
235369063003987,Amit Pandey BJP,Amit Pandey BJP,≤100,2
206647259188102,Rashtriya Seva Sangh,Rashtriya Seva Sangh,≤100,1
447373555128101,"C2C Leadership ""Committed To Commoner""",kedar beyond creations,≤100,1
962196203794480,Aditya Chauhan BJP,Aditya Chauhan BJP,≤100,2
100260324675920,Dr. Archana Majumdar,Dr. Archana Majumdar,≤100,1
1584395508448696,Manash Borah,Manash Borah,≤100,1
261509580557645,BaBa Tiwari 'Sarvesh' meja,BaBa Tiwari 'Sarvesh' meja,≤100,1
203109796223741,Kuldeep Vimal Shamraoji Mate,Kuldeep Vimal Shamraoji Mate,≤100,1
111576633954789,Ashwani Sharma,Ashwani Sharma,≤100,1
0,Instagram User 7337040671,These ads ran without a disclaimer,≤100,1
130898023436669,Inderjeet Singh  Chhotu,nrmediabox,≤100,1
315921924948837,JGU International Academy,These ads ran without a disclaimer,≤100,1
105011357950621,Gaurav Gupta,Rodiex Services LLP,≤100,1
100192812370778,ਮਿਸਲ ਸਤਲੁਜ,ਮਿਸਲ ਸਤਲੁਜ,≤100,12
212527418620005,Ajit Ranjan,Praveen Pratap Singh,≤100,1
1622454687804982,Shakti Singh,Shakti Singh,≤100,2
359726167827402,Bhuneshwar Singh Baghel,DIGISTICK SERVICES PRIVATE LIMITED,≤100,1
562322373924292,Shashi walia,Shashi walia,≤100,1
115232403260137,Asim Ghosh,Asim Ghosh,≤100,1
286947507831789,हिंदू सेवा दल,हिंदू सेवा दल,≤100,1
101430391860813,Ashwani Sharma Pare BJP,Ashwani Sharma Pare BJP,≤100,2
122100144680009726,Satish Rathee,Satish Rathee,≤100,1
755236128175586,Thakur Sanjay Singh,Thakur Sanjay Singh,≤100,1
366128933595050,Vilas Madigeri,Vilas Madigeri,≤100,3
577717872100023,Seema Kushvaha,SIGMA HEROES ENTERPRISES,≤100,1
102881635959815,Bhisham sharma ex mla,Bhisham sharma ex mla,≤100,1
116164968193545,Gurdeep Singh Siddhu,Gurdeep Singh Siddhu,≤100,1
1061889120527640,Vicky Mittal - Vinendra Mittal,Vicky Mittal - Vinendra Mittal,≤100,10
148316798691016,DODDIGARLA SUVARNA RAJU,DODDIGARLA SUVARNA RAJU,≤100,2
164649866738604,Nand Kishor,These ads ran without a disclaimer,≤100,1
420029341186738,Harinatha Reddy,Harinatha Reddy,≤100,1
483268195358928,Roshan lal verma -mla,Roshan lal verma -mla,≤100,1
1144553402351315,Omkar Shakya,MEOG IT SOLUTIONS,≤100,1
1620406958222283,Pyala Prasada Rao,Pyala Prasada Rao,≤100,1
145750605599726,Abhay Kumar Singh 'Sarjan',Abhay Kumar Singh 'Sarjan',≤100,1
272978182557536,Satya Parkash Sangwan,VCSMEDIA,≤100,1
115363448321555,Vikas Rana,Vikas Rana,≤100,1
517783808087637,Mukesh Singh,Mukesh Singh,≤100,2
280714898453577,Raj Singh,These ads ran without a disclaimer,≤100,1
163382127013868,Shiromani Akali Dal,Shiromani Akali Dal,≤100,1
472844082918408,Atik Kapadia,Atik Kapadia,≤100,1
0,Instagram User 1223682413,These ads ran without a disclaimer,≤100,1
138621386007807,Rishikesh cycle rider,These ads ran without a disclaimer,≤100,1
100312661781153,Surendra Singh,Surendra Singh,≤100,1
264709556730381,Ram Choudhary,These ads ran without a disclaimer,≤100,1
109916533853207,AMIT KUMAR SINGH,AMIT KUMAR SINGH,≤100,1
2283104825244785,Jitendra Singh Jodha,Jitendra Singh Jodha,≤100,3
102068925718399,Rakesh Sharma,Rakesh Sharma,≤100,2
108856708673977,Dandamudi Dharani,Dandamudi Dharani,≤100,1
105438141272621,Santanu Puzari,DAX FAALCON,≤100,3
111326597435506,WebLauz Technologies,WebLauz Technologies,≤100,1
104532837863033,राजेन्द्र सिंह उर्फ विंध्याचल सिंह,राजेन्द्र सिंह उर्फ विंध्याचल सिंह,≤100,1
2218902201680311,RAVI RAI,RAVI RAI,≤100,4
103585639193638,KD News,KD News,≤100,1
112580883926082,Rajan Trivedi,Rajan Trivedi,≤100,2
252023092136537,Dinesh Pratap Singh,Dinesh Pratap Singh,≤100,1
305559769642002,Ashish pratap singh chauhan,Ashish pratap singh chauhan,≤100,1
597404620126518,Green Energy Solar,These ads ran without a disclaimer,≤100,2
105499988459147,Sagar Modi,Anieffects Media Works,≤100,1
1459946900716814,DS Thakur,DS Thakur,≤100,6
105619215581558,RajeshKumar,Dee Technologies,≤100,1
184703305509958,Bhupendra Varshney BJP,Bhupendra Varshney BJP,≤100,1
514089478458275,WhatsApp Business 74459339,These ads ran without a disclaimer,≤100,1
401423489725075,Purushottam Madari Kuruba,These ads ran without a disclaimer,≤100,1
113667918481947,பாஜக நாமக்கல் மேற்கு மாவட்டம்,பாஜக நாமக்கல் மேற்கு மாவட்டம்,≤100,1
385195788013184,जागो महाराष्ट्र,जागो महाराष्ट्र,≤100,1
1592771257661167,Samachar First,Samachar First,≤100,1
314111418444155,पंकज कंबोज,These ads ran without a disclaimer,≤100,1
212708001935185,Bharat News Live,DigisoftNexus,≤100,1
110718313735303,Surender Lakra,Surender Lakra,≤100,1
436626656200671,देवेंद्र जरूरी हैं,देवेंद्र जरूरी हैं,≤100,1
488501317690272,Map My News,Map My News,≤100,1
639971916054640,Shaan Khan,Shaan Khan,≤100,2
112823297524153,Latesh Choudhary,Latesh Choudhary,≤100,1
415811804953982,Vidarbha Politics,Vidarbha Politics,≤100,1
511544138713805,Praveen Pratap Singh,Praveen Pratap Singh,≤100,1
326243404670820,Mohammad Shariq,Mohammad Shariq,≤100,1
733119896735630,Swapnil Balasaheb Dhamdhere,Pi Mediaworks,≤100,1
409616025575023,खबर मराठवाड्याची,खबर मराठवाड्याची,≤100,1
113527103452416,Anup Kumar Tewari,Anup Kumar Tewari,≤100,1
0,Instagram User 1212601451,These ads ran without a disclaimer,≤100,1
108465062169299,Vishal Singh Yadav,Vishal Singh Yadav,≤100,1
108015368279979,Solh Wellness,Solh Wellness,≤100,1
448063828398872,अतरौलिया की आवाज,These ads ran without a disclaimer,≤100,1
378332322246104,Ellie Angele Flory,These ads ran without a disclaimer,≤100,1
117502191299552,Afroz Khan,Afroz Khan,≤100,1
112638661193602,सत्यपाल गंगवार,सत्यपाल गंगवार,≤100,2
104194321399470,Dr. Niraj Waghmare - डॉ. निरज वाघमारे,Dr. Niraj Waghmare - डॉ. निरज वाघमारे,≤100,1
253656394501590,Arijit Patel,Arijit Patel,≤100,1
345098898697131,Team Deva Bhau,Team Deva Bhau,≤100,1
114563814949718,Prashant Singhal BJP,Prashant Singhal BJP,≤100,1
101255166095276,Sikkim Awalokan,These ads ran without a disclaimer,≤100,1
299152813446985,Rajasthan Samgrah Kalyan Sansthan RSKS INDIA,Rajasthan Samgrah Kalyan Sansthan RSKS INDIA,≤100,1
412531638617431,Mumbai Local,Mumbai Local,≤100,1
111442705118233,Pankaj Sinha,These ads ran without a disclaimer,≤100,1
1661165787443223,Shailendra singh Bisht,Shailendra singh Bisht,≤100,1
103870761681066,Vinod dhakad,These ads ran without a disclaimer,≤100,1
420556384465416,गरिबांची साथ देवा भाऊ,गरिबांची साथ देवा भाऊ,≤100,1
438053052723978,कृष्णेच्या तीरावर,कृष्णेच्या तीरावर,≤100,1
263901690694136,Akshay Sharma,Akshay Sharma,≤100,3
103141219186591,राजेश जाट नानी,These ads ran without a disclaimer,≤100,2
229672923555377,Satish Shukla,Satish Shukla,≤100,1
1836262763370605,Kiran Khabad,Kiran Khabad,≤100,1
108159201571035,अरविन्द जायसवाल,अरविन्द जायसवाल,≤100,1
2167726120108989,Yogesh Joshi,Yogesh Joshi,≤100,1
100710499532244,aashutoshsankayepatil,These ads ran without a disclaimer,≤100,2
144986472377973,Abhimanyu Poonia,Websikar Technologies Pvt. Ltd.,≤100,1
589088844286122,Rudransh Solar,Namaste Digital,≤100,1
124321964381543,Ravi Teja Tadimalla,Ravi Teja Tadimalla,≤100,4
742358482581212,Sanjay Goyal BJP,Sanjay Goyal BJP,≤100,1
424368341097655,Rajkumar Singh,Rajkumar Singh,≤100,1
783442581777730,अमरेंद्र सिंह 'पिन्टू',अमरेंद्र सिंह 'पिन्टू',≤100,3
918012775255465,Abhimanyu Singh,Abhimanyu Singh  अभिमन्यु सिंह,≤100,1
0,Instagram User 4302203727,These ads ran without a disclaimer,≤100,1
104585054483953,Dulhe Sahab,These ads ran without a disclaimer,≤100,1
2536839326456782,Kamlesh Kumari,Easy Social,≤100,4
2231602987121360,Shourya Renewables Projects Ltd,These ads ran without a disclaimer,≤100,1
265962179932267,Lok Sabha Fatehgarh Sahib,These ads ran without a disclaimer,≤100,1
0,Instagram User 5394390171,These ads ran without a disclaimer,≤100,1
170909129447867,Bimlesh Tewaree,The Lay Lawn,≤100,1
750347365124101,Rahul singh Bhadouria Mehgaon Vidhansabha,These ads ran without a disclaimer,≤100,1
100714916241533,Kishor Nath,These ads ran without a disclaimer,≤100,1
110996090609464,Kuldeep Singh Sikarwar,Kuldeep Singh Sikarwar,≤100,3
116506524771391,Faisal Bappantakath,These ads ran without a disclaimer,≤100,1
335165799690006,Aditya Surjewala,Aditya Surjewala,≤100,2
1088373891289696,Kamal Yadav,AAJNEETI ADVERTISING,≤100,1
237043726157269,Kumar Gaurav,Kumar Gaurav,≤100,2
101831845737766,Neeraj Pant,D P ENTERPRISES,≤100,1
232877356566701,Suprakash Giri,Suprakash Giri,≤100,1
110495965329907,Siddhant Sharma,Siddhant Sharma,≤100,1
0,Instagram User 462822230,These ads ran without a disclaimer,≤100,1
0,Instagram User 5634685377,These ads ran without a disclaimer,≤100,1
107734022355061,Baghel Singh Bahian,Baghel Singh Bahian,≤100,1
114194498423144,Vikas Sharma,Vikas Sharma,≤100,1
121517274176236,Mohammad Salauddin,Mohammad Salauddin,≤100,1
102870892175588,Anil Kumar Yadav,Anil Kumar Yadav,≤100,2
100942369471721,News Line Hindi,News Line Hindi,≤100,1
105992831704298,Sandip Mahato,Sandip Mahato,≤100,1
104071715577392,SK International Sainik School Retharedharan - Sangli,SK International Sainik School Retharedharan - Sangli,≤100,2
129644757628201,Khushboo Gupta,Khushboo Gupta,≤100,1
134060279792114,Sri Yogendra Kumar,Sri Yogendra Kumar,≤100,1
385658441549334,Deepak Bhati Chotiwala,Deepak Bhati Chotiwala,≤100,1
632146103310511,Chandrapurchatka,These ads ran without a disclaimer,≤100,1
561956030331436,Niyaz Ahmed,Niyaz Ahmed,≤100,1
721478984578826,Dr. Ponguru Narayana,Dr. Ponguru Narayana,≤100,1
767805023307544,Santosh Kumar Singh,Santosh Kumar Singh,≤100,1
105512387945640,DevDham,These ads ran without a disclaimer,≤100,1
110757065176281,Shamsher Bahadur,These ads ran without a disclaimer,≤100,1
103228485775269,Mamta Tyagi,Mamta Tyagi,≤100,1
165032566696653,Abhishek Agarwal,These ads ran without a disclaimer,≤100,1
1237020023083419,MODI Supporters,MODI Supporters,≤100,1
892715324214105,Nitendra Singh Rathore,LIVE NOTIFIED,≤100,2
477474545448008,Jazzbaat24Bangla,These ads ran without a disclaimer,≤100,1
2773013769589903,BJP Pune,BJP Pune,≤100,1
133493680681261,Borra Gnaneshwer Mudhiraj,Borra Gnaneshwer Mudhiraj,≤100,1
111067778454270,Jagannidhe Jatti,Jagannidhe Jatti,≤100,2
497223833472429,Salman Pathan,Salman Pathan,≤100,1
103198739488766,Haridas Eravankara,These ads ran without a disclaimer,≤100,1
102507389489489,Lokesh Kumar Meena Basoli,These ads ran without a disclaimer,≤100,1
104409702689731,Prag News Digital,Prag News Digital,≤100,1
100749098828564,Gursewak Singh Aulakh,Gursewak Singh Aulakh,≤100,1
104755924947233,Shiv Kumar BJP,Shiv Kumar BJP,≤100,2
182066051652309,Harshada Pharande- हर्षदा फरांदे,Harshada Pharande- हर्षदा फरांदे,≤100,1
842510062434167,Baldev Singh Aulakh,Baldev Singh Aulakh,≤100,3
100917643065036,प्रवीन सिंह गंगवार,प्रवीन सिंह गंगवार,≤100,2
705916932856575,Dr Prakash Chandra,Dr Prakash Chandra,≤100,1
106466459057737,ANNAI Cotton,ANNAI Cotton,≤100,1
262490684274810,Poonam Sankhwar MLA,Poonam Sankhwar MLA,≤100,1
1039588102752549,Sorkhi Industries,Sorkhi Industries,≤100,1
307988255894298,Abhimanyu Singh Rajvi,Abhimanyu Singh Rajvi,≤100,1
289085061102499,Sukhwinder Singh Bindra,Sukhwinder Singh Bindra,≤100,1
112479785179316,गिरजेश जायसवाल,गिरजेश जायसवाल,≤100,1
1802523420012948,Pratap Singh Khachariyawas,Pratap Singh Khachariyawas,≤100,1
1374878792784524,Harsh Dwivedi,HDPI Softweblink Solutions LLP,≤100,1
188330556023974,anuragsason.com,anuragsason.com,≤100,1
301978739657476,Rajiv Bhosale-Maratha,Rajiv Bhosale-Maratha,≤100,1
538863569316430,Amit Pal Singh,Amit Pal Singh,≤100,1
100599521811377,Payal Sakariya,Aapnikhabar,≤100,1
102332547851455,Sanjay Seth,Sanjay Seth,≤100,2
507088112481097,सुधाकर जायसवाल,These ads ran without a disclaimer,≤100,1
565108436685978,रामचन्द्र राम,DEMAND DIGITAL,≤100,1
120521097614444,get.high.on.music,These ads ran without a disclaimer,≤100,1
391908864218526,Aadarshwaadi Congress Party आदर्शवादी कांग्रेस पार्टी,Aadarshwaadi Congress Party आदर्शवादी कांग्रेस पार्टी,≤100,1
111928280597646,Gopal Sharan Singh,Gopal Sharan Singh,≤100,5
597656710098491,pkdvbanka,These ads ran without a disclaimer,≤100,1
111627301005753,Abhinay Rai,Abhinay Rai,≤100,1
410134216379605,Dr. Omprakash Shete,Dr. Omprakash Shete,≤100,1
120691787608772,Kishor Bhagwan Tarawade,Kishor Bhagwan Tarawade,≤100,1
114687274995744,Mohammad Sarwar Malik,Mohammad Sarwar Malik,≤100,1
128158260377323,Kapil Gupta,Solh Wellness Private Limited,≤100,1
113140228560534,Wish Marathi,wish marathi,≤100,1
450994522072667,Vikash Singh Bhole,These ads ran without a disclaimer,≤100,1
180766231785635,Birbhum Canvas,These ads ran without a disclaimer,≤100,1
221335364394313,Dr. Puneet Goel Keshav,Dr. Puneet Goel Keshav,≤100,4
191982447339507,Ayansh Homes,These ads ran without a disclaimer,≤100,2
156900577505296,DrAshok Patel,SPTM Media,≤100,1
105305192374365,Ek News24,Ek News24,≤100,1
1834369746850103,Ankit Bansal,Ankit Bansal,≤100,1
1417479004941768,Imran Hussain,Imran Hussain,≤100,1
388015574394037,Wings Convention Centre,Wings Convention Centre,≤100,1
100307808451377,Ankur Raj Tiwari,Janmat Consulting,≤100,1
102726966115732,Soumen Haldar,These ads ran without a disclaimer,≤100,1
116997354325105,Wg Cdr Anuma Acharya,Wg Cdr Anuma Acharya,≤100,1
102732932485039,technotreon,These ads ran without a disclaimer,≤100,1
103125628674152,Dushyant Raj Singh Chundawat Chittorgarh,Dushyant Raj Singh Chundawat Chittorgarh,≤100,1
127114873623527,Surendra Singh,Surendra Singh,≤100,1
1427017750928273,WP News Print,WP News Print,≤100,1
989090571278347,Suraj Kero,Suraj Kero,≤100,1
1053679008002022,VIPAN SOOD - KAKA,VIPAN SOOD - KAKA,≤100,1
535227609681219,Shahnawaz Cherkunnath Cherpulassery,These ads ran without a disclaimer,≤100,1
112753291325065,Chander Bhan Chauhan,Chander Bhan Chauhan,≤100,2
1039974236031466,Ashok Kumar Singh,Ashok Kumar Singh,≤100,1
454404264420706,Sarvesh Rattan,Sarvesh Rattan,≤100,1
137492416121138,Guddi Colors,Digitaholic India,≤100,1
217834113597167,Kamal Art Gallery,Kamal Art Gallery,≤100,1
1461049490786884,Hansraj Patel Kotputli,Hansraj PATEL Kotputli,≤100,1
0,Instagram User 2372373655,These ads ran without a disclaimer,≤100,1
105232435386067,Jitendra Mishra,Jitendra Mishra,≤100,5
596530183545418,Anjali Enterprises,These ads ran without a disclaimer,≤100,1
100965288189780,RDR Bharat,RDR Bharat,≤100,2
209354569866893,Sunil Sansanwal,Sunil Sansanwal,≤100,1
368525189681733,Amit Kumar Mishra,Mishra Infotech,≤100,1
0,Instagram User 6544473352,These ads ran without a disclaimer,≤100,1
107793269086358,mudara loans apply,These ads ran without a disclaimer,≤100,1
455309980990728,Rakesh Singh Bisht,These ads ran without a disclaimer,≤100,1
111004218258264,Golden palace marriage hall,These ads ran without a disclaimer,≤100,1
105469468879273,Nihal Abedin Joy,These ads ran without a disclaimer,≤100,1
642379895821472,Neelam Sharma Ambala,Neelam Sharma Ambala,≤100,2
487786391092100,Vashikaran Samadhan,These ads ran without a disclaimer,≤100,1
257317800792255,Office of Anagani SatyaPrasad,Office of Anagani SatyaPrasad,≤100,1
103523852224503,Harendra Shriwas,Harendra Shriwas,≤100,2
2017235448549095,Gaurav Gautam,Gaurav Gautam,≤100,2
297852046738986,Pushpendra Pratap Singh,These ads ran without a disclaimer,≤100,1
716085012115556,Today Bhaskar,Today Bhaskar,≤100,1
844476568919827,Santosh Manjayya Shetty,Santosh Manjayya Shetty,≤100,2
0,Instagram User 3579635900,These ads ran without a disclaimer,≤100,1
224163281073368,BJP Arunachal Pradesh,Bharatiya Janata Party (BJP),≤100,1
100115786349139,Kundan Kumar Paswan,Kundan Kumar Paswan,≤100,1
591102900749584,Hareesh The Best Academy,These ads ran without a disclaimer,≤100,1
102936805952314,Sanjeev Mishra,These ads ran without a disclaimer,≤100,1
223954404698374,Rajesh Kumar Yadav,Rajesh Kumar Yadav,≤100,4
101153154801927,Go green save earth,These ads ran without a disclaimer,≤100,1
104461812699982,श्रेयांश सिंह,These ads ran without a disclaimer,≤100,1
101495949492393,Vikas Budania,Vikas Budania,≤100,1
109221765323047,Paresh Vaghasiya,These ads ran without a disclaimer,≤100,1
21169267101,Give,These ads ran without a disclaimer,≤100,1
101438336329582,Dastak Book,Dastak Book,≤100,1
153033271223532,Mukesh Srivastava Ex Mla,Mukesh Srivastava Ex Mla,≤100,1
417642701434232,Rajeev Ranjan Singh,INDOFAST,≤100,1
313737751830269,Umed Singh,These ads ran without a disclaimer,≤100,1
104858629125379,"Shivsena, Pune - शिवसेना, पुणे","Shivsena, Pune - शिवसेना, पुणे",≤100,1
226224543897699,Aditya Nandan Singh,Aditya Nandan Singh,≤100,1
1892883461020853,Bihar District News,These ads ran without a disclaimer,≤100,1
101934341160333,प्रमोद नाना भानगिरे - Pramod Nana Bhangire,प्रमोद नाना भानगिरे - Pramod Nana Bhangire,≤100,2
1693950794190266,Sant Buchi Jee Dham,These ads ran without a disclaimer,≤100,1
101530561535324,Manju Sharma,Manju Sharma,≤100,1
104423524661305,Keya Ghosh,Keya Ghosh,≤100,1
519250151270076,Dr Dipen Agrawal,Dr Dipen Agrawal,≤100,2
113743335073868,Laik Ahmed,Laik Ahmed,≤100,1
100839128450151,Amisha Chawla,Amisha Chawla,≤100,1
1537168819849714,Rajesh Sambhaji Pawar,Rajesh Sambhaji Pawar,≤100,3
133551413175215,Mir Roshan Ali,Mir Roshan Ali,≤100,3
422080857663668,Samajwadi Party Office Unnao,Samajwadi Party Office Unnao,≤100,2
101293312172207,Adv Vinita Surendra Pathak,Adv Vinita Surendra Pathak,≤100,1
555009411337356,Sanjeev Goel,Sanjeev Goel,≤100,1
361691194687436,Umesh Sharma,Book My Promo,≤100,1
245675895557121,Pawan Goyal,Pawan Goyal,≤100,1
561218127081641,Ayushi Sindhu,Globe Modular Interiors,≤100,2
230380953493948,Vickram Khurana,These ads ran without a disclaimer,≤100,1
387887744402635,Gau Gyan World,These ads ran without a disclaimer,≤100,1
292954404384524,Gajendra Singh Patel,Gajendra Singh Patel,≤100,2
179354555264580,Suresh Bagewadi,These ads ran without a disclaimer,≤100,1
110745147064010,Ambala Update,Ambala Update,≤100,1
0,Instagram User 2864281610,These ads ran without a disclaimer,≤100,1
299052069949457,Geetansh Pandya,These ads ran without a disclaimer,≤100,1
306974595842358,Punjab bolda,These ads ran without a disclaimer,≤100,1
280969905100001,Bharath Tirupathi,Bharath Tirupathi,≤100,1
344083872120222,Pardeep Sangwan Bjp,Pardeep Sangwan Bjp,≤100,1
105291110825687,Dr. Chandan Yadav,Dr. Chandan Yadav,≤100,1
206108429520705,Anand Tripathi,Anand Tripathi,≤100,1
126385930384448,National Times TV,National Times TV,≤100,1
100215708751901,Rahul Shivganesh Lodhi MLA,Rahul Shivganesh Lodhi MLA,≤100,3
167342450557100,Sultan Singh Shekhawat,Sultan Singh Shekhawat,≤100,23
113473093697282,Kiran G. Shikhare,Kiran G. Shikhare,≤100,2
105999155405710,Pandit Avadh Sharma,Pandit Avadh Sharma,≤100,1
408992348971681,Kavvinder Istwal,Kavvinder Istwal,≤100,1
445149858686884,Skinhealth,These ads ran without a disclaimer,≤100,1
0,Instagram User 8220269076,These ads ran without a disclaimer,≤100,1
103622348327178,ஆலடி எழில்வாணன்,ஆலடி எழில்வாணன்,≤100,1
103782929032040,कृष्ण देव वर्मा ग्वास अयोध्या,SPTM Media,≤100,1
572807172588489,WhatsApp Business 2377423998,These ads ran without a disclaimer,≤100,1
104864838435574,Defining Media Moves,Defining Media Moves,≤100,1
103269802271808,Neelam Ahlawat Chairperson,Neelam Ahlawat Chairperson,≤100,1
441671025691675,Explicit News-অসম,These ads ran without a disclaimer,≤100,1
678803825664159,Kanta Sonwal,Kanta Sonwal,≤100,1
600542266472272,Sardar Verma,These ads ran without a disclaimer,≤100,1
103149174767195,Sahu Nitin Abhishek,Sahu Nitin Abhishek,≤100,1
110730008542280,lawstreetj,These ads ran without a disclaimer,≤100,1
153500061176153,Satya Hunkar News,Satya Hunkar News,≤100,1
1160879470737318,Jan Manch,Jan Manch,≤100,1
1716214961979807,Dr Sarvesh S Joshi,Dr Sarvesh S Joshi,≤100,1
110325847504209,Namaste Bharat News नमस्ते भारत न्यूज़,Namaste Bharat News नमस्ते भारत न्यूज़,≤100,1
380919131775498,dineshsankar_official,These ads ran without a disclaimer,≤100,1
298345316704030,Babu Jaseer,These ads ran without a disclaimer,≤100,1
745732168802118,Rakesh Prasad,Rakesh Prasad,≤100,3
491867907340569,भेड़िया,These ads ran without a disclaimer,≤100,1
436186999587771,Tikam Chand Jat,Tikam Chand Jat,≤100,1
112287573543037,The Singrauli,The Singrauli,≤100,1
20665390582,Medical Aid for Palestinians,These ads ran without a disclaimer,≤100,1
1426855280946310,We tv News,We tv News,≤100,1
510593085470805,SolarBee -  Odisha,These ads ran without a disclaimer,≤100,1
105470581947114,Khanzar Sutra,ImageCraft Consulting,≤100,1
401163857082250,FIB TV,These ads ran without a disclaimer,≤100,1
116019843555629,राम दिनेश यादव संदेश विधानसभा,Guiderbrothers Services Pvt. Ltd.,≤100,1
431454157629297,Mukesh Ahlawat,Mukesh Ahlawat,≤100,1
599946013372825,Atul Bhosale,Atul Bhosale,≤100,3
1630860627156993,United News of India - UNI,United News of India - UNI,≤100,1
2049881171922369,Thota Pavan,These ads ran without a disclaimer,≤100,1
109361417879538,Swapnil Makude,Swapnil Makude,≤100,1
556231044901516,Bharat Multispeciality Hospital Sardarshahar,These ads ran without a disclaimer,≤100,1
310205845661847,"Bhubaneswar Television production, BTv","Bhubaneswar Television production, BTv",≤100,1
101651882703780,REN FU Safety Protection,These ads ran without a disclaimer,≤100,1
478679351993587,Journalist Himesh Vitthariya,Journalist Himesh Vitthariya,≤100,1
280694568452631,Logistics Shakti,These ads ran without a disclaimer,≤100,1
397015436839183,LIC Insurance Hub,These ads ran without a disclaimer,≤100,1
101449671496773,Sadbhawna Paati News - Indore News in Hindi,These ads ran without a disclaimer,≤100,1
666624666524059,The Clean Water Challenge,These ads ran without a disclaimer,≤100,1
520084401199416,श्री आप्पा मेनकुदळे,These ads ran without a disclaimer,≤100,1
101008368044874,Dr.Amanpreet Singh Brar,Dr.Amanpreet Singh Brar,≤100,1
153896938152738,Dr Rutvij Patel,Dr Rutvij Patel,≤100,6
126792483655714,WhatsApp Business 2658467807,These ads ran without a disclaimer,≤100,1
784182298307797,"Revenue and Land Reforms Dept, Govt. of Bihar","Revenue and Land Reforms Dept, Govt. of Bihar",≤100,1
579214022173410,Rathindra Bose,Rathindra Bose,≤100,1
111601405108826,Pavan Solanki,These ads ran without a disclaimer,≤100,1
242758526666161,Mahipal Mahla - महिपाल महला,Mahipal Mahla - महिपाल महला,≤100,1
694622163885355,Devender singh babli,Devender singh babli,≤100,1
1461614334149195,Ram kailash sah,Ram kailash sah,≤100,1
536784006186410,Caroline Eddy 65,These ads ran without a disclaimer,≤100,1
1446657182259724,Mangesh Kudalkar - मंगेश कुडाळकर,Mangesh Kudalkar - मंगेश कुडाळकर,≤100,1
111572753913572,Maratha Seva Sangh - मराठा सेवा संघ,Maratha Seva Sangh - मराठा सेवा संघ,≤100,1
365852659950766,BSG Solar Eco Energy Pvt. Ltd,These ads ran without a disclaimer,≤100,1
131901569999333,Kya BAL Uttarakhand - क्या बल उत्तराखंड,Kya BAL Uttarakhand - क्या बल उत्तराखंड,≤100,6
359372134516908,Sumit Sharma,Sumit Sharma,≤100,2
0,Instagram User 3877871973,These ads ran without a disclaimer,≤100,1
105433322601503,Sunil Yadav Shrimadhopur,These ads ran without a disclaimer,≤100,1
1416531055267127,Hemant Katare,Hemant Katare,≤100,1
116460311412958,Dinesh Kumar Ranga,Dinesh Kumar Ranga,≤100,1
469477456259474,Sachet Jain,Sachet Jain,≤100,1
107005908599874,Namo Gurukul Public School,These ads ran without a disclaimer,≤100,1
307617376404267,Stone Reflection Media & Venture,Stone Reflection Media & Venture,≤100,1
112249355004144,Sandeep Deshwal,Sandeep Deshwal,≤100,1
594740580388066,ABU YUSUF,These ads ran without a disclaimer,≤100,1
206621716493057,Sunil Singhi,Sunil Singhi,≤100,1
117191197923064,BNN Benipatti,Easy Social,≤100,1
513104011883418,Bala Shinde,bala shinde,≤100,3
2290605970997438,Param Sachin Shaleen,Mr. Sachin Mehta : Motivational Speaker,≤100,1
147409651793047,USI Party- Delhi,United States of India Party,≤100,1
783166681717678,Mahesh kashyap,KK Digital Services,≤100,1
111831900373212,Mayur Boorgohaain,Mayur Boorgohaain,≤100,1
197944026726411,पलवल की एक्सप्रेस न्यूज,पलवल की एक्सप्रेस न्यूज,≤100,1
422473324292273,Shaheen Shams,Policy Briefcase,≤100,1
104643522306634,भाई विजय प्रताप सिंह फौजी भैया,भाई विजय प्रताप सिंह फौजी भैया,≤100,1
233743967028820,Purandar Mishra,Purandar Mishra,≤100,1
2207807029498112,Ravi Khatik IYC,Ravi Khatik IYC,≤100,1
274769536281422,Vishal Thacker,Vishal Thacker,≤100,1
109198704006854,Devender Chaterbhuj Attri,Devender Chaterbhuj Attri,≤100,1
311836735342128,Anugrah Narayan Singh - Khokha Singh,Samajwadi Party,≤100,1
112831070490386,Virender Mehta,Virender Mehta,≤100,2
122104700558000762,Patrick Adelman Broccoli,These ads ran without a disclaimer,≤100,1
106232502578977,Justin Danielle Goff,These ads ran without a disclaimer,≤100,1
110288125504621,Tilley Cox Bryce,These ads ran without a disclaimer,≤100,1
213731531830370,क्षत्रिय रघुवीर सिंहराणा चंदोखा,These ads ran without a disclaimer,≤100,1
534457023089555,Tuston Mathu 299,These ads ran without a disclaimer,≤100,1
109787668867643,Wellness Balance,These ads ran without a disclaimer,≤100,1
100326641749318,Parveen Udaan,Parveen Udaan,≤100,1
353934694478781,Khabar First,Khabar First,≤100,1
132309676835568,Lokmat,Lokmat,≤100,1
360498773808089,Energy & Vitality Hub,These ads ran without a disclaimer,≤100,1
100725756139505,Sylheti Language - ꠍꠤꠟꠐꠤ ꠝꠣꠔ Syloti Maath,These ads ran without a disclaimer,≤100,1
115224041486908,KouFoi,These ads ran without a disclaimer,≤100,2
546137185257675,Unidad para el Desarrollo de Orán,These ads ran without a disclaimer,≤100,1
196586557019555,CPA Australia,These ads ran without a disclaimer,≤100,1
122105060288001334,Sean Gracie Blumm,These ads ran without a disclaimer,≤100,1
585051518032492,Health Care and More,These ads ran without a disclaimer,≤100,1
293642850490225,Shree Shrinivas Vidhya Vihar,Shree Shrinivas Vidhya Vihar,≤100,1